type,strike,ttm,AveragePrice,impliedVolatility,spot,dividendYield,expiry,modelPrice
call,75.0,0.010958904109589,20.975,1.8125009375,94.30999755859376,0.04,2025-04-11,20.17533168776547
call,80.0,0.010958904109589,16.375,1.5805685034179686,94.30999755859376,0.04,2025-04-11,15.504630982141112
call,85.0,0.010958904109589,12.05,1.3847687011718748,94.30999755859376,0.04,2025-04-11,11.115180276949188
call,90.0,0.010958904109589,8.375,1.2690466235351558,94.30999755859376,0.04,2025-04-11,7.3387720759523
call,95.0,0.010958904109589,4.824999999999999,1.067143336181641,94.30999755859376,0.04,2025-04-11,3.888335305880804
call,99.0,0.010958904109589,2.925,0.9956055126953124,94.30999755859376,0.04,2025-04-11,2.105763807457159
call,100.0,0.010958904109589,2.42,0.9526371923828124,94.30999755859376,0.04,2025-04-11,1.6613233908062253
call,101.0,0.010958904109589,2.055,0.9331061376953124,94.30999755859376,0.04,2025-04-11,1.3641168283956515
call,102.0,0.010958904109589,1.755,0.9204109521484376,94.30999755859376,0.04,2025-04-11,1.1037147320947747
call,103.0,0.010958904109589,1.46,0.901368173828125,94.30999755859376,0.04,2025-04-11,0.879831648255767
call,104.0,0.010958904109589,1.2200000000000002,0.8881847119140623,94.30999755859376,0.04,2025-04-11,0.694745863569971
call,105.0,0.010958904109589,1.005,0.8740246972656249,94.30999755859376,0.04,2025-04-11,0.536826198846737
call,106.0,0.010958904109589,0.8400000000000001,0.8676771044921875,94.30999755859376,0.04,2025-04-11,0.42697135863421615
call,107.0,0.010958904109589,0.6799999999999999,0.8544936425781251,94.30999755859376,0.04,2025-04-11,0.3171247045765536
call,108.0,0.010958904109589,0.5700000000000001,0.852540537109375,94.30999755859376,0.04,2025-04-11,0.2534189190101968
call,109.0,0.010958904109589,0.4599999999999999,0.8437515624999999,94.30999755859376,0.04,2025-04-11,0.18807413661653213
call,110.0,0.010958904109589,0.38,0.84179845703125,94.30999755859376,0.04,2025-04-11,0.14577414586399792
call,111.0,0.010958904109589,0.315,0.840821904296875,94.30999755859376,0.04,2025-04-11,0.11174474539707378
call,112.0,0.010958904109589,0.255,0.8369156933593749,94.30999755859376,0.04,2025-04-11,0.08329864211514586
call,113.0,0.010958904109589,0.22,0.8447281152343749,94.30999755859376,0.04,2025-04-11,0.06747238967113738
call,114.0,0.010958904109589,0.185,0.8476577734374999,94.30999755859376,0.04,2025-04-11,0.05307132822984025
call,115.0,0.010958904109589,0.165,0.86132951171875,94.30999755859376,0.04,2025-04-11,0.043759947521519744
call,116.0,0.010958904109589,0.14,0.8652357226562499,94.30999755859376,0.04,2025-04-11,0.035618161649467815
call,117.0,0.010958904109589,0.125,0.87695435546875,94.30999755859376,0.04,2025-04-11,0.02988642286881403
call,118.0,0.010958904109589,0.105,0.8808605664062499,94.30999755859376,0.04,2025-04-11,0.023108305796453763
call,119.0,0.010958904109589,0.095,0.8945323046874999,94.30999755859376,0.04,2025-04-11,0.02040353648524472
call,120.0,0.010958904109589,0.08,0.8964854101562498,94.30999755859376,0.04,2025-04-11,0.015503305517497604
call,121.0,0.010958904109589,0.08,0.92187578125,94.30999755859376,0.04,2025-04-11,0.015058923256401553
call,122.0,0.010958904109589,0.075,0.937500625,94.30999755859376,0.04,2025-04-11,0.013446469039735839
call,123.0,0.010958904109589,0.07,0.95312546875,94.30999755859376,0.04,2025-04-11,0.01234180523038305
call,124.0,0.010958904109589,0.065,0.9687503125,94.30999755859376,0.04,2025-04-11,0.011251391919295146
call,125.0,0.010958904109589,0.05,0.960937890625,94.30999755859376,0.04,2025-04-11,0.007527673769110396
call,126.0,0.010958904109589,0.05,0.98437515625,94.30999755859376,0.04,2025-04-11,0.007531145223506178
call,127.0,0.010958904109589,0.045,0.992187578125,94.30999755859376,0.04,2025-04-11,0.006541993244861093
call,128.0,0.010958904109589,0.04,0.9960937890625,94.30999755859376,0.04,2025-04-11,0.005304699806603647
call,129.0,0.010958904109589,0.04,1.0234423828125,94.30999755859376,0.04,2025-04-11,0.005588165376821862
call,130.0,0.010958904109589,0.04,1.0429735351562504,94.30999755859376,0.04,2025-04-11,0.005376873239168539
call,131.0,0.010958904109589,0.04,1.0625046875000002,94.30999755859376,0.04,2025-04-11,0.005175307063260429
call,132.0,0.010958904109589,0.035,1.0703171484375005,94.30999755859376,0.04,2025-04-11,0.004223020635800933
call,133.0,0.010958904109589,0.035,1.0859420703125,94.30999755859376,0.04,2025-04-11,0.004036248327143264
call,134.0,0.010958904109589,0.035,1.109379453125,94.30999755859376,0.04,2025-04-11,0.004131287398078707
call,135.0,0.010958904109589,0.035,1.1328168359375002,94.30999755859376,0.04,2025-04-11,0.0042324700338220115
call,136.0,0.010958904109589,0.025,1.109379453125,94.30999755859376,0.04,2025-04-11,0.0026614675220368988
call,137.0,0.010958904109589,0.025,1.125004375,94.30999755859376,0.04,2025-04-11,0.0024881079134737192
call,138.0,0.010958904109589,0.03,1.171879140625,94.30999755859376,0.04,2025-04-11,0.0034458194976510963
call,139.0,0.010958904109589,0.03,1.1875040625,94.30999755859376,0.04,2025-04-11,0.003284638962721017
call,140.0,0.010958904109589,0.025,1.1875040625,94.30999755859376,0.04,2025-04-11,0.002560035788848365
call,141.0,0.010958904109589,0.025,1.203128984375,94.30999755859376,0.04,2025-04-11,0.0024049481734075622
call,142.0,0.010958904109589,0.025,1.21875390625,94.30999755859376,0.04,2025-04-11,0.002305125917407138
call,143.0,0.010958904109589,0.025,1.234378828125,94.30999755859376,0.04,2025-04-11,0.002252990850635753
call,145.0,0.010958904109589,0.025,1.2734411328124997,94.30999755859376,0.04,2025-04-11,0.0023035638122384976
call,150.0,0.010958904109589,0.02,1.3281283593749995,94.30999755859376,0.04,2025-04-11,0.0016425382038842517
call,152.5,0.010958904109589,0.02,1.375003125,94.30999755859376,0.04,2025-04-11,0.0017063807005561705
call,155.0,0.010958904109589,0.01,1.3125034374999998,94.30999755859376,0.04,2025-04-11,0.0004958478795173023
call,160.0,0.010958904109589,0.005,1.3125034374999998,94.30999755859376,0.04,2025-04-11,0.0001886763165801138
call,165.0,0.010958904109589,0.005,1.375003125,94.30999755859376,0.04,2025-04-11,0.000173291077086564
call,170.0,0.010958904109589,0.005,1.4375028125,94.30999755859376,0.04,2025-04-11,0.00016187828918828607
call,175.0,0.010958904109589,0.005,1.5000025,94.30999755859376,0.04,2025-04-11,0.000154379829940041
call,180.0,0.010958904109589,0.005,1.5625021874999998,94.30999755859376,0.04,2025-04-11,0.0001507389617770837
call,185.0,0.010958904109589,0.005,1.625001875,94.30999755859376,0.04,2025-04-11,0.00015090028518318388
call,190.0,0.010958904109589,0.005,1.6875015625,94.30999755859376,0.04,2025-04-11,0.00015480970056360103
call,195.0,0.010958904109589,0.005,1.75000125,94.30999755859376,0.04,2025-04-11,0.00016241437803898157
put,55.0,0.010958904109589,0.07,1.859375703125,94.30999755859376,0.04,2025-04-11,0.010997933264978537
put,60.0,0.010958904109589,0.1149999999999999,1.703126484375,94.30999755859376,0.04,2025-04-11,0.023177318348076566
put,65.0,0.010958904109589,0.165,1.5214867675781247,94.30999755859376,0.04,2025-04-11,0.04000497959826029
put,70.0,0.010958904109589,0.27,1.3789093554687497,94.30999755859376,0.04,2025-04-11,0.08218710110341164
put,75.0,0.010958904109589,0.455,1.2460975195312498,94.30999755859376,0.04,2025-04-11,0.17288416180625826
put,80.0,0.010958904109589,0.7949999999999999,1.126957490234375,94.30999755859376,0.04,2025-04-11,0.37358508544200314
put,85.0,0.010958904109589,1.405,1.015629921875,94.30999755859376,0.04,2025-04-11,0.823089756338416
put,90.0,0.010958904109589,2.505,0.9177254321289064,94.30999755859376,0.04,2025-04-11,1.7907548930610713
put,95.0,0.010958904109589,4.175,0.7895528857421875,94.30999755859376,0.04,2025-04-11,3.481689564278097
put,99.0,0.010958904109589,5.775,0.5732464550781251,94.30999755859376,0.04,2025-04-11,5.367912365705358
put,100.0,0.010958904109589,6.800000000000001,0.639652041015625,94.30999755859376,0.04,2025-04-11,6.371182742042836
put,101.0,0.010958904109589,6.55,1.0000000000000004e-05,94.30999755859376,0.04,2025-04-11,6.690002441406236
put,102.0,0.010958904109589,8.05,0.5097705273437501,94.30999755859376,0.04,2025-04-11,7.849527773499235
put,103.0,0.010958904109589,8.375,1.0000000000000004e-05,94.30999755859376,0.04,2025-04-11,8.690002441406236
put,104.0,0.010958904109589,9.35,1.0000000000000004e-05,94.30999755859376,0.04,2025-04-11,9.690002441406236
put,105.0,0.010958904109589,9.325,1.0000000000000004e-05,94.30999755859376,0.04,2025-04-11,10.690002441406236
put,106.0,0.010958904109589,11.075,1.0000000000000004e-05,94.30999755859376,0.04,2025-04-11,11.690002441406236
put,107.0,0.010958904109589,10.975,1.0000000000000004e-05,94.30999755859376,0.04,2025-04-11,12.690002441406236
put,108.0,0.010958904109589,12.05,1.0000000000000004e-05,94.30999755859376,0.04,2025-04-11,13.690002441406236
put,109.0,0.010958904109589,13.65,1.0000000000000004e-05,94.30999755859376,0.04,2025-04-11,14.690002441406236
put,110.0,0.010958904109589,16.15,0.8818371191406249,94.30999755859376,0.04,2025-04-11,15.86830262684808
put,111.0,0.010958904109589,14.575,1.0000000000000004e-05,94.30999755859376,0.04,2025-04-11,16.690002441406236
put,112.0,0.010958904109589,16.3,1.0000000000000004e-05,94.30999755859376,0.04,2025-04-11,17.690002441406236
put,113.0,0.010958904109589,17.450000000000003,1.0000000000000004e-05,94.30999755859376,0.04,2025-04-11,18.690002441406236
put,114.0,0.010958904109589,17.475,1.0000000000000004e-05,94.30999755859376,0.04,2025-04-11,19.690002441406236
put,115.0,0.010958904109589,19.375,1.0000000000000004e-05,94.30999755859376,0.04,2025-04-11,20.690002441406236
put,116.0,0.010958904109589,20.3,1.0000000000000004e-05,94.30999755859376,0.04,2025-04-11,21.690002441406236
put,117.0,0.010958904109589,20.5,1.0000000000000004e-05,94.30999755859376,0.04,2025-04-11,22.690002441406236
put,118.0,0.010958904109589,22.525,1.0000000000000004e-05,94.30999755859376,0.04,2025-04-11,23.690002441406236
put,119.0,0.010958904109589,21.4,1.0000000000000004e-05,94.30999755859376,0.04,2025-04-11,24.690002441406236
put,120.0,0.010958904109589,25.75,0.85937640625,94.30999755859376,0.04,2025-04-11,25.695296478679595
put,121.0,0.010958904109589,24.575,1.0000000000000004e-05,94.30999755859376,0.04,2025-04-11,26.690002441406236
put,122.0,0.010958904109589,26.475,1.0000000000000004e-05,94.30999755859376,0.04,2025-04-11,27.690002441406236
put,123.0,0.010958904109589,26.775,1.0000000000000004e-05,94.30999755859376,0.04,2025-04-11,28.690002441406236
put,124.0,0.010958904109589,27.525,1.0000000000000004e-05,94.30999755859376,0.04,2025-04-11,29.690002441406236
put,125.0,0.010958904109589,28.325,1.0000000000000004e-05,94.30999755859376,0.04,2025-04-11,30.690002441406236
put,129.0,0.010958904109589,32.650000000000006,1.0000000000000004e-05,94.30999755859376,0.04,2025-04-11,34.690002441406236
put,132.0,0.010958904109589,34.95,1.0000000000000004e-05,94.30999755859376,0.04,2025-04-11,37.690002441406236
put,137.0,0.010958904109589,40.25,1.0000000000000004e-05,94.30999755859376,0.04,2025-04-11,42.690002441406236
call,65.0,0.0273972602739726,31.1,1.8623053759765624,94.30999755859376,0.04,2025-04-17,30.599600313034138
call,70.0,0.0273972602739726,27.1,1.854981193847656,94.30999755859376,0.04,2025-04-17,26.468844257570293
call,75.0,0.0273972602739726,21.55,1.4287137939453125,94.30999755859376,0.04,2025-04-17,21.045300659605203
call,80.0,0.0273972602739726,17.0,1.2519568652343749,94.30999755859376,0.04,2025-04-17,16.467871807705663
call,85.0,0.0273972602739726,12.925,1.1364789270019533,94.30999755859376,0.04,2025-04-17,12.368877378187083
call,90.0,0.0273972602739726,9.2,1.0261279162597656,94.30999755859376,0.04,2025-04-17,8.63565216553226
call,95.0,0.0273972602739726,5.975,0.9233406103515626,94.30999755859376,0.04,2025-04-17,5.432437094519467
call,100.0,0.0273972602739726,3.5,0.842775009765625,94.30999755859376,0.04,2025-04-17,3.0216138865030735
call,101.0,0.0273972602739726,3.2,0.8444839770507812,94.30999755859376,0.04,2025-04-17,2.746916615956265
call,105.0,0.0273972602739726,1.845,0.7856466748046875,94.30999755859376,0.04,2025-04-17,1.4815142391530849
call,106.0,0.0273972602739726,1.645,0.7846701220703125,94.30999755859376,0.04,2025-04-17,1.3099368087122238
call,107.0,0.0273972602739726,1.395,0.7700218310546876,94.30999755859376,0.04,2025-04-17,1.077859126864245
call,108.0,0.0273972602739726,1.205,0.762697685546875,94.30999755859376,0.04,2025-04-17,0.9231042282483896
call,109.0,0.0273972602739726,1.04,0.7563500927734376,94.30999755859376,0.04,2025-04-17,0.7775633948581762
call,110.0,0.0273972602739726,0.895,0.7509790527343749,94.30999755859376,0.04,2025-04-17,0.6541144256338468
call,111.0,0.0273972602739726,0.77,0.7465845654296875,94.30999755859376,0.04,2025-04-17,0.554909224878228
call,112.0,0.0273972602739726,0.665,0.74414318359375,94.30999755859376,0.04,2025-04-17,0.4612718860385609
call,113.0,0.0273972602739726,0.5700000000000001,0.7402369726562499,94.30999755859376,0.04,2025-04-17,0.3919952667894962
call,114.0,0.0273972602739726,0.49,0.7382838671874999,94.30999755859376,0.04,2025-04-17,0.3285986439975189
call,115.0,0.0273972602739726,0.415,0.73437765625,94.30999755859376,0.04,2025-04-17,0.2697564339448066
call,116.0,0.0273972602739726,0.365,0.7368190380859375,94.30999755859376,0.04,2025-04-17,0.2347730336572129
call,117.0,0.0273972602739726,0.32,0.7392604199218749,94.30999755859376,0.04,2025-04-17,0.19982422467136876
call,118.0,0.0273972602739726,0.28,0.7412135253906249,94.30999755859376,0.04,2025-04-17,0.16956453336858923
call,119.0,0.0273972602739726,0.24,0.7402369726562499,94.30999755859376,0.04,2025-04-17,0.14375447290235063
call,120.0,0.0273972602739726,0.21,0.7421900781249999,94.30999755859376,0.04,2025-04-17,0.12128677196824444
call,121.0,0.0273972602739726,0.19,0.7500025,94.30999755859376,0.04,2025-04-17,0.10663442635366015
call,122.0,0.0273972602739726,0.1699999999999999,0.754885263671875,94.30999755859376,0.04,2025-04-17,0.095298775931909
call,123.0,0.0273972602739726,0.15,0.7578149218750001,94.30999755859376,0.04,2025-04-17,0.08248598868741865
call,124.0,0.0273972602739726,0.135,0.76367423828125,94.30999755859376,0.04,2025-04-17,0.07196324575785396
call,125.0,0.0273972602739726,0.125,0.772463212890625,94.30999755859376,0.04,2025-04-17,0.064094650214809
call,126.0,0.0273972602739726,0.1149999999999999,0.7812521875,94.30999755859376,0.04,2025-04-17,0.05963586578682701
call,127.0,0.0273972602739726,0.105,0.78711150390625,94.30999755859376,0.04,2025-04-17,0.053742383859476946
call,128.0,0.0273972602739726,0.095,0.7929708203125,94.30999755859376,0.04,2025-04-17,0.0478721404448786
call,129.0,0.0273972602739726,0.09,0.8027363476562499,94.30999755859376,0.04,2025-04-17,0.04399975762312059
call,130.0,0.0273972602739726,0.08,0.80664255859375,94.30999755859376,0.04,2025-04-17,0.03744345366159328
call,135.0,0.0273972602739726,0.06,0.851563984375,94.30999755859376,0.04,2025-04-17,0.026795623432927157
call,140.0,0.0273972602739726,0.045,0.8945323046874999,94.30999755859376,0.04,2025-04-17,0.019166051532031828
call,145.0,0.0273972602739726,0.035,0.9335944140625,94.30999755859376,0.04,2025-04-17,0.01343933144023707
call,150.0,0.0273972602739726,0.03,0.98437515625,94.30999755859376,0.04,2025-04-17,0.011718419885878588
call,155.0,0.0273972602739726,0.03,1.0390673046875003,94.30999755859376,0.04,2025-04-17,0.01108183124787755
call,160.0,0.0273972602739726,0.025,1.078129609375,94.30999755859376,0.04,2025-04-17,0.008862493133371535
call,165.0,0.0273972602739726,0.02,1.109379453125,94.30999755859376,0.04,2025-04-17,0.006789711849694941
call,170.0,0.0273972602739726,0.02,1.15625421875,94.30999755859376,0.04,2025-04-17,0.006477743704499346
call,175.0,0.0273972602739726,0.015,1.171879140625,94.30999755859376,0.04,2025-04-17,0.004251304564329951
call,180.0,0.0273972602739726,0.015,1.21875390625,94.30999755859376,0.04,2025-04-17,0.004131962288976476
call,185.0,0.0273972602739726,0.01,1.21875390625,94.30999755859376,0.04,2025-04-17,0.002613779023341508
call,190.0,0.0273972602739726,0.01,1.2656286718749998,94.30999755859376,0.04,2025-04-17,0.0027056498394986677
call,195.0,0.0273972602739726,0.01,1.3125034374999998,94.30999755859376,0.04,2025-04-17,0.002839319668246508
call,200.0,0.0273972602739726,0.005,1.2812535937499998,94.30999755859376,0.04,2025-04-17,0.0012374440875834647
call,210.0,0.0273972602739726,0.005,1.3437532812499997,94.30999755859376,0.04,2025-04-17,0.0009822030115117443
call,220.0,0.0273972602739726,0.005,1.4375028125,94.30999755859376,0.04,2025-04-17,0.0013474799954847523
call,230.0,0.0273972602739726,0.005,1.5000025,94.30999755859376,0.04,2025-04-17,0.0012087738013993512
call,240.0,0.0273972602739726,0.005,1.5625021874999998,94.30999755859376,0.04,2025-04-17,0.001170520444659937
call,250.0,0.0273972602739726,0.005,1.625001875,94.30999755859376,0.04,2025-04-17,0.0011933070871678311
call,260.0,0.0273972602739726,0.005,1.6875015625,94.30999755859376,0.04,2025-04-17,0.001238315768689162
call,280.0,0.0273972602739726,0.005,1.78125109375,94.30999755859376,0.04,2025-04-17,0.0010930067818876858
call,290.0,0.0273972602739726,0.005,1.8125009375,94.30999755859376,0.04,2025-04-17,0.0008915462694784785
call,300.0,0.0273972602739726,0.005,1.875000625,94.30999755859376,0.04,2025-04-17,0.00101096843980478
put,40.0,0.0273972602739726,0.06,1.9765626171875,94.30999755859376,0.04,2025-04-17,0.025422054302484877
put,45.0,0.0273972602739726,0.0849999999999999,1.8007822460937497,94.30999755859376,0.04,2025-04-17,0.039575384611984545
put,50.0,0.0273972602739726,0.12,1.640626796875,94.30999755859376,0.04,2025-04-17,0.059475911084612657
put,55.0,0.0273972602739726,0.155,1.474612001953125,94.30999755859376,0.04,2025-04-17,0.07945027650493507
put,60.0,0.0273972602739726,0.22,1.3378939355468746,94.30999755859376,0.04,2025-04-17,0.12292881843478616
put,65.0,0.0273972602739726,0.33,1.220707021484375,94.30999755859376,0.04,2025-04-17,0.19913049028376825
put,70.0,0.0273972602739726,0.495,1.108402895507813,94.30999755859376,0.04,2025-04-17,0.3206318793599323
put,75.0,0.0273972602739726,0.8400000000000001,1.0332079589843752,94.30999755859376,0.04,2025-04-17,0.5995093818320001
put,80.0,0.0273972602739726,1.355,0.9506840869140624,94.30999755859376,0.04,2025-04-17,1.038456955807461
put,85.0,0.0273972602739726,2.165,0.8710950390625,94.30999755859376,0.04,2025-04-17,1.7812421790850577
put,90.0,0.0273972602739726,3.475,0.8044453149414061,94.30999755859376,0.04,2025-04-17,3.0339153000585246
put,95.0,0.0273972602739726,5.975,0.8220232641601561,94.30999755859376,0.04,2025-04-17,5.483701100263923
put,100.0,0.0273972602739726,7.8,0.6237830590820312,94.30999755859376,0.04,2025-04-17,7.458630894658009
put,101.0,0.0273972602739726,7.5,0.4438532177734374,94.30999755859376,0.04,2025-04-17,7.35706597382783
put,105.0,0.0273972602739726,11.125,1.0000000000000004e-05,94.30999755859376,0.04,2025-04-17,10.690002441406236
put,106.0,0.0273972602739726,11.725,1.0000000000000004e-05,94.30999755859376,0.04,2025-04-17,11.690002441406236
put,107.0,0.0273972602739726,11.625,1.0000000000000004e-05,94.30999755859376,0.04,2025-04-17,12.690002441406236
put,108.0,0.0273972602739726,13.525,1.0000000000000004e-05,94.30999755859376,0.04,2025-04-17,13.690002441406236
put,109.0,0.0273972602739726,14.375,1.0000000000000004e-05,94.30999755859376,0.04,2025-04-17,14.690002441406236
put,110.0,0.0273972602739726,14.15,1.0000000000000004e-05,94.30999755859376,0.04,2025-04-17,15.690002441406236
put,111.0,0.0273972602739726,16.125,1.0000000000000004e-05,94.30999755859376,0.04,2025-04-17,16.690002441406236
put,112.0,0.0273972602739726,17.0,1.0000000000000004e-05,94.30999755859376,0.04,2025-04-17,17.690002441406236
put,113.0,0.0273972602739726,17.9,1.0000000000000004e-05,94.30999755859376,0.04,2025-04-17,18.690002441406236
put,114.0,0.0273972602739726,17.775,1.0000000000000004e-05,94.30999755859376,0.04,2025-04-17,19.690002441406236
put,115.0,0.0273972602739726,19.65,1.0000000000000004e-05,94.30999755859376,0.04,2025-04-17,20.690002441406236
put,116.0,0.0273972602739726,20.675,1.0000000000000004e-05,94.30999755859376,0.04,2025-04-17,21.690002441406236
put,117.0,0.0273972602739726,20.7,1.0000000000000004e-05,94.30999755859376,0.04,2025-04-17,22.690002441406236
put,118.0,0.0273972602739726,21.55,1.0000000000000004e-05,94.30999755859376,0.04,2025-04-17,23.690002441406236
put,119.0,0.0273972602739726,23.625,1.0000000000000004e-05,94.30999755859376,0.04,2025-04-17,24.690002441406236
put,120.0,0.0273972602739726,24.675,1.0000000000000004e-05,94.30999755859376,0.04,2025-04-17,25.690002441406236
put,121.0,0.0273972602739726,25.575000000000003,1.0000000000000004e-05,94.30999755859376,0.04,2025-04-17,26.690002441406236
put,122.0,0.0273972602739726,25.625,1.0000000000000004e-05,94.30999755859376,0.04,2025-04-17,27.690002441406236
put,123.0,0.0273972602739726,26.625,1.0000000000000004e-05,94.30999755859376,0.04,2025-04-17,28.690002441406236
put,124.0,0.0273972602739726,27.525,1.0000000000000004e-05,94.30999755859376,0.04,2025-04-17,29.690002441406236
put,125.0,0.0273972602739726,28.95,1.0000000000000004e-05,94.30999755859376,0.04,2025-04-17,30.690002441406236
put,126.0,0.0273972602739726,29.525,1.0000000000000004e-05,94.30999755859376,0.04,2025-04-17,31.690002441406236
put,127.0,0.0273972602739726,30.6,1.0000000000000004e-05,94.30999755859376,0.04,2025-04-17,32.690002441406236
put,129.0,0.0273972602739726,33.5,1.0000000000000004e-05,94.30999755859376,0.04,2025-04-17,34.690002441406236
put,130.0,0.0273972602739726,33.425,1.0000000000000004e-05,94.30999755859376,0.04,2025-04-17,35.690002441406236
put,135.0,0.0273972602739726,39.525,1.0000000000000004e-05,94.30999755859376,0.04,2025-04-17,40.690002441406236
put,140.0,0.0273972602739726,43.675,1.0000000000000004e-05,94.30999755859376,0.04,2025-04-17,45.690002441406236
put,145.0,0.0273972602739726,48.475,1.0000000000000004e-05,94.30999755859376,0.04,2025-04-17,50.690002441406236
put,150.0,0.0273972602739726,53.675,1.5400413623046876,94.30999755859376,0.04,2025-04-17,56.047888453283655
put,155.0,0.0273972602739726,57.4,1.0000000000000004e-05,94.30999755859376,0.04,2025-04-17,60.690002441406236
call,65.0,0.0493150684931506,31.2,1.4677760986328123,94.30999755859376,0.04,2025-04-25,30.8754054023088
call,70.0,0.0493150684931506,26.425,1.2976109338378905,94.30999755859376,0.04,2025-04-25,26.091571946214547
call,75.0,0.0493150684931506,21.875,1.1669963525390623,94.30999755859376,0.04,2025-04-25,21.53899251563405
call,80.0,0.0493150684931506,17.525,1.052739111328125,94.30999755859376,0.04,2025-04-25,17.17679172415382
call,85.0,0.0493150684931506,14.35,1.070805427246094,94.30999755859376,0.04,2025-04-25,13.921974601392035
call,90.0,0.0493150684931506,10.45,0.9448247705078124,94.30999755859376,0.04,2025-04-25,10.032043328042235
call,95.0,0.0493150684931506,7.125,0.8459488061523437,94.30999755859376,0.04,2025-04-25,6.7438169683667795
call,99.0,0.0493150684931506,4.85,0.770510107421875,94.30999755859376,0.04,2025-04-25,4.5199535129354365
call,100.0,0.0493150684931506,4.375,0.75586181640625,94.30999755859376,0.04,2025-04-25,4.050157760143854
call,101.0,0.0493150684931506,4.0,0.7502466381835937,94.30999755859376,0.04,2025-04-25,3.667107416311858
call,102.0,0.0493150684931506,3.75,0.7570825073242189,94.30999755859376,0.04,2025-04-25,3.4396822060519887
call,103.0,0.0493150684931506,3.375,0.7463404272460938,94.30999755859376,0.04,2025-04-25,3.0776654717936105
call,104.0,0.0493150684931506,2.97,0.7287624780273438,94.30999755859376,0.04,2025-04-25,2.66661556224973
call,105.0,0.0493150684931506,2.66,0.7204617797851562,94.30999755859376,0.04,2025-04-25,2.3920863210198773
call,106.0,0.0493150684931506,2.415,0.717776259765625,94.30999755859376,0.04,2025-04-25,2.1558741535609527
call,107.0,0.0493150684931506,2.145,0.7094755615234375,94.30999755859376,0.04,2025-04-25,1.881598079380036
call,108.0,0.0493150684931506,1.875,0.6977569287109376,94.30999755859376,0.04,2025-04-25,1.6480471782306672
call,109.0,0.0493150684931506,1.585,0.6792024267578126,94.30999755859376,0.04,2025-04-25,1.3729640755597714
call,110.0,0.0493150684931506,1.435,0.6799348413085939,94.30999755859376,0.04,2025-04-25,1.2269879059466422
call,111.0,0.0493150684931506,1.285,0.6782258740234376,94.30999755859376,0.04,2025-04-25,1.0987130235637128
call,112.0,0.0493150684931506,1.11,0.6694368994140626,94.30999755859376,0.04,2025-04-25,0.9352356190683647
call,113.0,0.0493150684931506,0.995,0.6694368994140626,94.30999755859376,0.04,2025-04-25,0.8248110026982735
call,114.0,0.0493150684931506,0.88,0.6669955175781253,94.30999755859376,0.04,2025-04-25,0.7306496381268776
call,115.0,0.0493150684931506,0.745,0.657229990234375,94.30999755859376,0.04,2025-04-25,0.6074614430483106
call,116.0,0.0493150684931506,0.665,0.6577182666015625,94.30999755859376,0.04,2025-04-25,0.5325313819664407
call,117.0,0.0493150684931506,0.585,0.6557651611328126,94.30999755859376,0.04,2025-04-25,0.4689635916867147
call,118.0,0.0493150684931506,0.53,0.659183095703125,94.30999755859376,0.04,2025-04-25,0.4215696623912006
call,119.0,0.0493150684931506,0.475,0.6606479248046876,94.30999755859376,0.04,2025-04-25,0.3683401897776781
call,120.0,0.0493150684931506,0.405,0.6552768847656252,94.30999755859376,0.04,2025-04-25,0.313424797323807
call,121.0,0.0493150684931506,0.36,0.6557651611328126,94.30999755859376,0.04,2025-04-25,0.27657221784133734
call,122.0,0.0493150684931506,0.33,0.6611362011718751,94.30999755859376,0.04,2025-04-25,0.2505914574402902
call,123.0,0.0493150684931506,0.295,0.6621127539062501,94.30999755859376,0.04,2025-04-25,0.2164848050840434
call,124.0,0.0493150684931506,0.26,0.6621127539062501,94.30999755859376,0.04,2025-04-25,0.19248149155071434
call,125.0,0.0493150684931506,0.24,0.6679720703125002,94.30999755859376,0.04,2025-04-25,0.1776483125442321
call,126.0,0.0493150684931506,0.22,0.6718782812500002,94.30999755859376,0.04,2025-04-25,0.15982037142687477
call,127.0,0.0493150684931506,0.2,0.6757844921875001,94.30999755859376,0.04,2025-04-25,0.14204175963372703
call,128.0,0.0493150684931506,0.18,0.6777375976562501,94.30999755859376,0.04,2025-04-25,0.12648727393921516
call,129.0,0.0493150684931506,0.1699999999999999,0.68555001953125,94.30999755859376,0.04,2025-04-25,0.12017001861057307
call,130.0,0.0493150684931506,0.155,0.6884796777343751,94.30999755859376,0.04,2025-04-25,0.10872212489827562
call,131.0,0.0493150684931506,0.145,0.6953155468750001,94.30999755859376,0.04,2025-04-25,0.10147027617508173
call,135.0,0.0493150684931506,0.105,0.7128934960937501,94.30999755859376,0.04,2025-04-25,0.07075666730283786
call,140.0,0.0493150684931506,0.09,0.75586181640625,94.30999755859376,0.04,2025-04-25,0.058618170683482324
call,145.0,0.0493150684931506,0.07,0.7851583984375,94.30999755859376,0.04,2025-04-25,0.04383550684089739
call,150.0,0.0493150684931506,0.055,0.8125018749999999,94.30999755859376,0.04,2025-04-25,0.032616375250248436
call,155.0,0.0493150684931506,0.05,0.851563984375,94.30999755859376,0.04,2025-04-25,0.02880998700479775
call,160.0,0.0493150684931506,0.04,0.8789074609374999,94.30999755859376,0.04,2025-04-25,0.023781319222454283
call,165.0,0.0493150684931506,0.03,0.8906260937499999,94.30999755859376,0.04,2025-04-25,0.015760876494466163
call,170.0,0.0493150684931506,0.04,0.9648441015625,94.30999755859376,0.04,2025-04-25,0.023139539543485275
call,180.0,0.0493150684931506,0.035,1.0312548437500002,94.30999755859376,0.04,2025-04-25,0.019324563764591136
call,185.0,0.0493150684931506,0.03,1.05078599609375,94.30999755859376,0.04,2025-04-25,0.016453498557772388
call,200.0,0.0493150684931506,0.02,1.109379453125,94.30999755859376,0.04,2025-04-25,0.0098416876971235
call,205.0,0.0493150684931506,0.025,1.171879140625,94.30999755859376,0.04,2025-04-25,0.013210412335544423
call,220.0,0.0493150684931506,0.02,1.234378828125,94.30999755859376,0.04,2025-04-25,0.010106766236950674
call,225.0,0.0493150684931506,0.02,1.2656286718749998,94.30999755859376,0.04,2025-04-25,0.010341632042984286
put,50.0,0.0493150684931506,0.155,1.3203158984375,94.30999755859376,0.04,2025-04-25,0.10509083660578597
put,55.0,0.0493150684931506,0.22,1.2089883300781248,94.30999755859376,0.04,2025-04-25,0.15349318573162132
put,60.0,0.0493150684931506,0.3249999999999999,1.1123091259765625,94.30999755859376,0.04,2025-04-25,0.2389730438137749
put,65.0,0.0493150684931506,0.45,1.0078174609375,94.30999755859376,0.04,2025-04-25,0.3463064157059004
put,70.0,0.0493150684931506,0.685,0.92773509765625,94.30999755859376,0.04,2025-04-25,0.5469266262963791
put,75.0,0.0493150684931506,1.045,0.8530288134765626,94.30999755859376,0.04,2025-04-25,0.8619270279403415
put,80.0,0.0493150684931506,1.825,0.8237322314453124,94.30999755859376,0.04,2025-04-25,1.5947425688333254
put,85.0,0.0493150684931506,2.795,0.7663597583007813,94.30999755859376,0.04,2025-04-25,2.5026432781458117
put,90.0,0.0493150684931506,4.1,0.6994658959960938,94.30999755859376,0.04,2025-04-25,3.806448322311753
put,95.0,0.0493150684931506,6.050000000000001,0.6452672192382812,94.30999755859376,0.04,2025-04-25,5.747239564464808
put,99.0,0.0493150684931506,7.225,0.5075732836914062,94.30999755859376,0.04,2025-04-25,7.06281905204123
put,100.0,0.0493150684931506,8.15,0.5268602001953125,94.30999755859376,0.04,2025-04-25,7.918567814311001
put,101.0,0.0493150684931506,8.325,0.4655815161132813,94.30999755859376,0.04,2025-04-25,8.203806602573675
put,102.0,0.0493150684931506,8.899999999999999,0.4343318286132813,94.30999755859376,0.04,2025-04-25,8.77108415285835
put,103.0,0.0493150684931506,10.325,0.5188036401367188,94.30999755859376,0.04,2025-04-25,10.112285321343046
put,104.0,0.0493150684931506,11.0,0.5004932763671875,94.30999755859376,0.04,2025-04-25,10.812115958509622
put,105.0,0.0493150684931506,10.95,0.30664755859375,94.30999755859376,0.04,2025-04-25,10.830861526833568
put,106.0,0.0493150684931506,11.375,1.0000000000000004e-05,94.30999755859376,0.04,2025-04-25,11.690002441406236
put,107.0,0.0493150684931506,12.125,1.0000000000000004e-05,94.30999755859376,0.04,2025-04-25,12.690002441406236
put,108.0,0.0493150684931506,13.425,1.0000000000000004e-05,94.30999755859376,0.04,2025-04-25,13.690002441406236
put,109.0,0.0493150684931506,13.75,1.0000000000000004e-05,94.30999755859376,0.04,2025-04-25,14.690002441406236
put,110.0,0.0493150684931506,14.65,1.0000000000000004e-05,94.30999755859376,0.04,2025-04-25,15.690002441406236
put,111.0,0.0493150684931506,16.375,1.0000000000000004e-05,94.30999755859376,0.04,2025-04-25,16.690002441406236
put,112.0,0.0493150684931506,16.275,1.0000000000000004e-05,94.30999755859376,0.04,2025-04-25,17.690002441406236
put,113.0,0.0493150684931506,18.05,1.0000000000000004e-05,94.30999755859376,0.04,2025-04-25,18.690002441406236
put,114.0,0.0493150684931506,19.05,1.0000000000000004e-05,94.30999755859376,0.04,2025-04-25,19.690002441406236
put,115.0,0.0493150684931506,20.075000000000003,1.0000000000000004e-05,94.30999755859376,0.04,2025-04-25,20.690002441406236
put,116.0,0.0493150684931506,19.925,1.0000000000000004e-05,94.30999755859376,0.04,2025-04-25,21.690002441406236
put,117.0,0.0493150684931506,20.875,1.0000000000000004e-05,94.30999755859376,0.04,2025-04-25,22.690002441406236
put,118.0,0.0493150684931506,21.700000000000003,1.0000000000000004e-05,94.30999755859376,0.04,2025-04-25,23.690002441406236
put,119.0,0.0493150684931506,22.775,1.0000000000000004e-05,94.30999755859376,0.04,2025-04-25,24.690002441406236
put,120.0,0.0493150684931506,24.7,1.0000000000000004e-05,94.30999755859376,0.04,2025-04-25,25.690002441406236
put,121.0,0.0493150684931506,25.475,1.0000000000000004e-05,94.30999755859376,0.04,2025-04-25,26.690002441406236
put,122.0,0.0493150684931506,25.575,1.0000000000000004e-05,94.30999755859376,0.04,2025-04-25,27.690002441406236
put,123.0,0.0493150684931506,26.475,1.0000000000000004e-05,94.30999755859376,0.04,2025-04-25,28.690002441406236
put,124.0,0.0493150684931506,27.65,1.0000000000000004e-05,94.30999755859376,0.04,2025-04-25,29.690002441406236
put,125.0,0.0493150684931506,28.425,1.0000000000000004e-05,94.30999755859376,0.04,2025-04-25,30.690002441406236
put,126.0,0.0493150684931506,29.575000000000003,1.0000000000000004e-05,94.30999755859376,0.04,2025-04-25,31.690002441406236
put,127.0,0.0493150684931506,30.525,1.0000000000000004e-05,94.30999755859376,0.04,2025-04-25,32.690002441406236
put,128.0,0.0493150684931506,31.475,1.0000000000000004e-05,94.30999755859376,0.04,2025-04-25,33.690002441406236
put,129.0,0.0493150684931506,32.625,1.0000000000000004e-05,94.30999755859376,0.04,2025-04-25,34.690002441406236
put,130.0,0.0493150684931506,34.525,1.0000000000000004e-05,94.30999755859376,0.04,2025-04-25,35.690002441406236
put,131.0,0.0493150684931506,35.525000000000006,1.0000000000000004e-05,94.30999755859376,0.04,2025-04-25,36.690002441406236
put,135.0,0.0493150684931506,38.025000000000006,1.0000000000000004e-05,94.30999755859376,0.04,2025-04-25,40.690002441406236
put,140.0,0.0493150684931506,43.4,1.0000000000000004e-05,94.30999755859376,0.04,2025-04-25,45.690002441406236
call,60.0,0.0684931506849315,36.2,1.464358146972656,94.30999755859376,0.04,2025-05-02,35.90752637739934
call,70.0,0.0684931506849315,26.775,1.1801798803710937,94.30999755859376,0.04,2025-05-02,26.483999991733228
call,75.0,0.0684931506849315,22.25,1.0622605480957032,94.30999755859376,0.04,2025-05-02,21.9479847057638
call,80.0,0.0684931506849315,18.75,1.0644578027343752,94.30999755859376,0.04,2025-05-02,18.38922846278606
call,85.0,0.0684931506849315,14.975,0.9919434399414062,94.30999755859376,0.04,2025-05-02,14.598830871382958
call,90.0,0.0684931506849315,11.15,0.8851329846191407,94.30999755859376,0.04,2025-05-02,10.791266591173486
call,95.0,0.0684931506849315,7.725,0.7867452966308592,94.30999755859376,0.04,2025-05-02,7.416788342247255
call,99.0,0.0684931506849315,5.85,0.7620873400878907,94.30999755859376,0.04,2025-05-02,5.559477804814124
call,100.0,0.0684931506849315,5.25,0.7380397290039062,94.30999755859376,0.04,2025-05-02,4.983196722587694
call,101.0,0.0684931506849315,4.85,0.7319362744140624,94.30999755859376,0.04,2025-05-02,4.578612854407012
call,102.0,0.0684931506849315,4.550000000000001,0.7338893798828124,94.30999755859376,0.04,2025-05-02,4.263124777543173
call,103.0,0.0684931506849315,4.15,0.7238797143554687,94.30999755859376,0.04,2025-05-02,3.897264471556952
call,104.0,0.0684931506849315,3.8,0.71679970703125,94.30999755859376,0.04,2025-05-02,3.557174709579607
call,105.0,0.0684931506849315,3.475,0.7104521142578125,94.30999755859376,0.04,2025-05-02,3.223153893692157
call,106.0,0.0684931506849315,3.15,0.7019072778320312,94.30999755859376,0.04,2025-05-02,2.9122567751663904
call,107.0,0.0684931506849315,2.88,0.6977569287109376,94.30999755859376,0.04,2025-05-02,2.664239822762136
call,108.0,0.0684931506849315,2.485,0.6762727685546877,94.30999755859376,0.04,2025-05-02,2.273426811723178
call,109.0,0.0684931506849315,2.345,0.6833527758789064,94.30999755859376,0.04,2025-05-02,2.126706826183379
call,110.0,0.0684931506849315,2.01,0.6640658593750002,94.30999755859376,0.04,2025-05-02,1.8292394575116415
call,111.0,0.0684931506849315,1.895,0.6709017285156251,94.30999755859376,0.04,2025-05-02,1.716046963681077
call,112.0,0.0684931506849315,1.7,0.6655306884765627,94.30999755859376,0.04,2025-05-02,1.5162116147985698
call,113.0,0.0684931506849315,1.47,0.6525913647460939,94.30999755859376,0.04,2025-05-02,1.3115989800528316
call,114.0,0.0684931506849315,1.335,0.6516148120117189,94.30999755859376,0.04,2025-05-02,1.1880209046522332
call,115.0,0.0684931506849315,1.17,0.6440465283203125,94.30999755859376,0.04,2025-05-02,1.0253838487257014
call,116.0,0.0684931506849315,1.09,0.648441015625,94.30999755859376,0.04,2025-05-02,0.9470703917095192
call,117.0,0.0684931506849315,0.96,0.6428258374023439,94.30999755859376,0.04,2025-05-02,0.8378172043975266
call,118.0,0.0684931506849315,0.87,0.6425816992187501,94.30999755859376,0.04,2025-05-02,0.7536436833879617
call,119.0,0.0684931506849315,0.765,0.637698935546875,94.30999755859376,0.04,2025-05-02,0.6475110332712494
call,120.0,0.0684931506849315,0.685,0.6362341064453125,94.30999755859376,0.04,2025-05-02,0.5822348556316417
call,121.0,0.0684931506849315,0.6,0.631839619140625,94.30999755859376,0.04,2025-05-02,0.5099058566506253
call,122.0,0.0684931506849315,0.555,0.6352575537109376,94.30999755859376,0.04,2025-05-02,0.46569181447766056
call,123.0,0.0684931506849315,0.5,0.6352575537109376,94.30999755859376,0.04,2025-05-02,0.40917198331058313
call,124.0,0.0684931506849315,0.455,0.6367223828125,94.30999755859376,0.04,2025-05-02,0.3749770692587885
call,125.0,0.0684931506849315,0.4,0.6337927246093751,94.30999755859376,0.04,2025-05-02,0.3301485840086591
call,126.0,0.0684931506849315,0.37,0.637698935546875,94.30999755859376,0.04,2025-05-02,0.303450871058185
call,127.0,0.0684931506849315,0.335,0.63867548828125,94.30999755859376,0.04,2025-05-02,0.269008799592004
call,128.0,0.0684931506849315,0.305,0.6401403173828125,94.30999755859376,0.04,2025-05-02,0.24264540573947727
call,129.0,0.0684931506849315,0.28,0.6425816992187501,94.30999755859376,0.04,2025-05-02,0.2237880241218812
call,130.0,0.0684931506849315,0.255,0.6445348046875,94.30999755859376,0.04,2025-05-02,0.20404932010730295
call,131.0,0.0684931506849315,0.235,0.647464462890625,94.30999755859376,0.04,2025-05-02,0.18618119976050523
call,135.0,0.0684931506849315,0.1699999999999999,0.65820654296875,94.30999755859376,0.04,2025-05-02,0.13053659056035108
call,140.0,0.0684931506849315,0.12,0.676761044921875,94.30999755859376,0.04,2025-05-02,0.08806547303289149
call,145.0,0.0684931506849315,0.095,0.70312796875,94.30999755859376,0.04,2025-05-02,0.06897369159609984
call,150.0,0.0684931506849315,0.08,0.73437765625,94.30999755859376,0.04,2025-05-02,0.056321100769103766
call,155.0,0.0684931506849315,0.065,0.7578149218750001,94.30999755859376,0.04,2025-05-02,0.04601826476684872
call,160.0,0.0684931506849315,0.06,0.79101771484375,94.30999755859376,0.04,2025-05-02,0.04142906230290375
call,165.0,0.0684931506849315,0.055,0.8203142968749999,94.30999755859376,0.04,2025-05-02,0.03563713779905538
call,170.0,0.0684931506849315,0.045,0.8398453515625,94.30999755859376,0.04,2025-05-02,0.03010306903300545
call,175.0,0.0684931506849315,0.045,0.87500125,94.30999755859376,0.04,2025-05-02,0.029968227293134385
put,60.0,0.0684931506849315,0.445,1.0185595947265624,94.30999755859376,0.04,2025-05-02,0.36565835603794117
put,65.0,0.0684931506849315,0.655,0.94335994140625,94.30999755859376,0.04,2025-05-02,0.5524903173139726
put,70.0,0.0684931506849315,1.0,0.8828136718749999,94.30999755859376,0.04,2025-05-02,0.8676574751489142
put,75.0,0.0684931506849315,1.4700000000000002,0.8186053295898437,94.30999755859376,0.04,2025-05-02,1.3058503128816383
put,80.0,0.0684931506849315,2.15,0.7575707836914063,94.30999755859376,0.04,2025-05-02,1.9448120189582891
put,85.0,0.0684931506849315,3.015,0.6862824340820313,94.30999755859376,0.04,2025-05-02,2.784217010483432
put,90.0,0.0684931506849315,4.65,0.659183095703125,94.30999755859376,0.04,2025-05-02,4.403102705565449
put,95.0,0.0684931506849315,6.65,0.6140175317382813,94.30999755859376,0.04,2025-05-02,6.392372722744437
put,99.0,0.0684931506849315,8.025,0.5112353564453125,94.30999755859376,0.04,2025-05-02,7.805695464873729
put,100.0,0.0684931506849315,8.524999999999999,0.5008594836425782,94.30999755859376,0.04,2025-05-02,8.390563323302555
put,101.0,0.0684931506849315,9.075,0.48438015625,94.30999755859376,0.04,2025-05-02,8.95469027136169
put,102.0,0.0684931506849315,9.675,0.4692435888671875,94.30999755859376,0.04,2025-05-02,9.560611529442122
put,103.0,0.0684931506849315,10.275,0.4497125341796875,94.30999755859376,0.04,2025-05-02,10.178433652398176
put,104.0,0.0684931506849315,10.875,0.4243221630859375,94.30999755859376,0.04,2025-05-02,10.79924752272109
put,105.0,0.0684931506849315,12.4,0.5070850073242188,94.30999755859376,0.04,2025-05-02,12.200106183229375
put,106.0,0.0684931506849315,12.225,0.370123486328125,94.30999755859376,0.04,2025-05-02,12.181235609488219
put,107.0,0.0684931506849315,13.925,0.3808655664062499,94.30999755859376,0.04,2025-05-02,13.13942808219714
put,108.0,0.0684931506849315,14.55,0.278327529296875,94.30999755859376,0.04,2025-05-02,13.748655233718342
put,109.0,0.0684931506849315,15.325,1.0000000000000004e-05,94.30999755859376,0.04,2025-05-02,14.690002441406236
put,110.0,0.0684931506849315,15.125,1.0000000000000004e-05,94.30999755859376,0.04,2025-05-02,15.690002441406236
put,111.0,0.0684931506849315,16.875,1.0000000000000004e-05,94.30999755859376,0.04,2025-05-02,16.690002441406236
put,112.0,0.0684931506849315,17.700000000000003,1.0000000000000004e-05,94.30999755859376,0.04,2025-05-02,17.690002441406236
put,113.0,0.0684931506849315,17.725,1.0000000000000004e-05,94.30999755859376,0.04,2025-05-02,18.690002441406236
put,114.0,0.0684931506849315,19.35,1.0000000000000004e-05,94.30999755859376,0.04,2025-05-02,19.690002441406236
put,115.0,0.0684931506849315,20.025,1.0000000000000004e-05,94.30999755859376,0.04,2025-05-02,20.690002441406236
put,116.0,0.0684931506849315,21.225,1.0000000000000004e-05,94.30999755859376,0.04,2025-05-02,21.690002441406236
put,117.0,0.0684931506849315,22.125,1.0000000000000004e-05,94.30999755859376,0.04,2025-05-02,22.690002441406236
put,118.0,0.0684931506849315,22.05,1.0000000000000004e-05,94.30999755859376,0.04,2025-05-02,23.690002441406236
put,119.0,0.0684931506849315,23.875,1.0000000000000004e-05,94.30999755859376,0.04,2025-05-02,24.690002441406236
put,120.0,0.0684931506849315,23.75,1.0000000000000004e-05,94.30999755859376,0.04,2025-05-02,25.690002441406236
put,121.0,0.0684931506849315,26.0,1.0000000000000004e-05,94.30999755859376,0.04,2025-05-02,26.690002441406236
put,122.0,0.0684931506849315,25.7,1.0000000000000004e-05,94.30999755859376,0.04,2025-05-02,27.690002441406236
put,123.0,0.0684931506849315,26.725,1.0000000000000004e-05,94.30999755859376,0.04,2025-05-02,28.690002441406236
put,124.0,0.0684931506849315,27.6,1.0000000000000004e-05,94.30999755859376,0.04,2025-05-02,29.690002441406236
put,125.0,0.0684931506849315,29.625,1.0000000000000004e-05,94.30999755859376,0.04,2025-05-02,30.690002441406236
put,126.0,0.0684931506849315,30.275,1.0000000000000004e-05,94.30999755859376,0.04,2025-05-02,31.690002441406236
put,127.0,0.0684931506849315,31.575,1.0000000000000004e-05,94.30999755859376,0.04,2025-05-02,32.690002441406236
put,128.0,0.0684931506849315,31.55,1.0000000000000004e-05,94.30999755859376,0.04,2025-05-02,33.690002441406236
put,129.0,0.0684931506849315,32.525,1.0000000000000004e-05,94.30999755859376,0.04,2025-05-02,34.690002441406236
put,130.0,0.0684931506849315,34.55,1.0000000000000004e-05,94.30999755859376,0.04,2025-05-02,35.690002441406236
put,135.0,0.0684931506849315,38.475,1.0000000000000004e-05,94.30999755859376,0.04,2025-05-02,40.690002441406236
put,140.0,0.0684931506849315,43.475,1.0000000000000004e-05,94.30999755859376,0.04,2025-05-02,45.690002441406236
