contractSymbol,lastTradeDate,strike,lastPrice,bid,ask,change,percentChange,volume,openInterest,impliedVolatility,inTheMoney,contractSize,currency,type,expiry,spot,dividendYield
NVDA250404C00050000,2025-03-28 19:59:24+00:00,50.0,59.73,58.45,60.95,-2.8100014,-4.493127,125.0,213,2.3437541406249993,True,REGULAR,USD,call,2025-04-04,109.66999816894531,0.04
NVDA250404C00055000,2025-03-27 13:41:36+00:00,55.0,54.7,53.5,55.95,-1.3800011,-2.4607723,1.0,6,2.2187544531249994,True,REGULAR,USD,call,2025-04-04,109.66999816894531,0.04
NVDA250404C00060000,2025-03-28 15:38:44+00:00,60.0,50.35,48.5,50.95,-3.380001,-6.290715,1.0,17,1.9609376953125,True,REGULAR,USD,call,2025-04-04,109.66999816894531,0.04
NVDA250404C00065000,2025-03-28 19:21:04+00:00,65.0,45.1,43.5,45.95,-1.9000015,-4.0425563,15.0,31,1.71875140625,True,REGULAR,USD,call,2025-04-04,109.66999816894531,0.04
NVDA250404C00070000,2025-03-28 14:38:02+00:00,70.0,39.7,38.8,40.65,-2.7000008,-6.367926,61.0,245,1.5000025,True,REGULAR,USD,call,2025-04-04,109.66999816894531,0.04
NVDA250404C00075000,2025-03-28 19:51:55+00:00,75.0,34.65,33.55,36.0,-3.0999985,-8.211917,1.0,144,1.41015919921875,True,REGULAR,USD,call,2025-04-04,109.66999816894531,0.04
NVDA250404C00080000,2025-03-28 19:51:21+00:00,80.0,29.55,29.5,30.4,-2.17,-6.84111,129.0,405,1.4140654296875002,True,REGULAR,USD,call,2025-04-04,109.66999816894531,0.04
NVDA250404C00085000,2025-03-28 16:43:00+00:00,85.0,25.3,23.55,26.05,-2.25,-8.166969,3.0,82,1.0293017285156252,True,REGULAR,USD,call,2025-04-04,109.66999816894531,0.04
NVDA250404C00090000,2025-03-28 19:54:50+00:00,90.0,19.85,19.55,20.1,-1.75,-8.101851,449.0,390,0.8554701953125,True,REGULAR,USD,call,2025-04-04,109.66999816894531,0.04
NVDA250404C00095000,2025-03-28 19:55:20+00:00,95.0,14.95,14.75,15.8,-2.5999994,-14.814812,1729.0,236,0.901368173828125,True,REGULAR,USD,call,2025-04-04,109.66999816894531,0.04
NVDA250404C00100000,2025-03-28 19:59:49+00:00,100.0,10.25,10.1,10.6,-1.8999996,-15.6378565,4727.0,7071,0.6801789794921876,True,REGULAR,USD,call,2025-04-04,109.66999816894531,0.04
NVDA250404C00102000,2025-03-28 19:58:00+00:00,102.0,8.65,8.45,8.6,-1.75,-16.826923,511.0,373,0.6279334082031252,True,REGULAR,USD,call,2025-04-04,109.66999816894531,0.04
NVDA250404C00103000,2025-03-28 19:59:55+00:00,103.0,7.7,7.6,7.8,-1.5500002,-16.756758,1580.0,547,0.6186561572265626,True,REGULAR,USD,call,2025-04-04,109.66999816894531,0.04
NVDA250404C00104000,2025-03-28 19:59:20+00:00,104.0,6.95,6.85,6.95,-1.6500006,-19.186052,2477.0,2445,0.6084023535156251,True,REGULAR,USD,call,2025-04-04,109.66999816894531,0.04
NVDA250404C00105000,2025-03-28 19:59:39+00:00,105.0,6.17,6.1,6.2,-1.4299998,-18.815786,6679.0,1947,0.6020547607421877,True,REGULAR,USD,call,2025-04-04,109.66999816894531,0.04
NVDA250404C00106000,2025-03-28 19:58:04+00:00,106.0,5.5,5.4,5.5,-1.3600001,-19.825073,2838.0,2104,0.5976602734375001,True,REGULAR,USD,call,2025-04-04,109.66999816894531,0.04
NVDA250404C00107000,2025-03-28 19:59:24+00:00,107.0,4.75,4.7,4.8,-1.4000001,-22.764229,4319.0,1684,0.584965087890625,True,REGULAR,USD,call,2025-04-04,109.66999816894531,0.04
NVDA250404C00108000,2025-03-28 19:59:31+00:00,108.0,4.16,4.1,4.15,-1.3299999,-24.225864,9103.0,3988,0.5786174951171875,True,REGULAR,USD,call,2025-04-04,109.66999816894531,0.04
NVDA250404C00109000,2025-03-28 19:59:59+00:00,109.0,3.53,3.5,3.6,-1.2300003,-25.84034,8764.0,2253,0.5730023168945313,True,REGULAR,USD,call,2025-04-04,109.66999816894531,0.04
NVDA250404C00110000,2025-03-28 19:59:58+00:00,110.0,3.0,2.98,3.05,-1.0700002,-26.289928,38273.0,8776,0.5656781713867188,False,REGULAR,USD,call,2025-04-04,109.66999816894531,0.04
NVDA250404C00111000,2025-03-28 19:59:59+00:00,111.0,2.52,2.5,2.52,-1.05,-29.411762,28005.0,3472,0.5546919531250001,False,REGULAR,USD,call,2025-04-04,109.66999816894531,0.04
NVDA250404C00112000,2025-03-28 19:59:56+00:00,112.0,2.07,2.05,2.09,-0.99,-32.352943,35279.0,5521,0.5463912548828126,False,REGULAR,USD,call,2025-04-04,109.66999816894531,0.04
NVDA250404C00113000,2025-03-28 19:59:51+00:00,113.0,1.68,1.67,1.69,-0.86,-33.85827,29157.0,8838,0.5376022802734376,False,REGULAR,USD,call,2025-04-04,109.66999816894531,0.04
NVDA250404C00114000,2025-03-28 19:59:56+00:00,114.0,1.35,1.34,1.36,-0.7499999,-35.71428,68775.0,8698,0.5310105493164063,False,REGULAR,USD,call,2025-04-04,109.66999816894531,0.04
NVDA250404C00115000,2025-03-28 19:59:57+00:00,115.0,1.07,1.07,1.08,-0.65999997,-38.150288,100226.0,18847,0.5258836474609375,False,REGULAR,USD,call,2025-04-04,109.66999816894531,0.04
NVDA250404C00116000,2025-03-28 19:59:52+00:00,116.0,0.84,0.84,0.85,-0.53000003,-38.686134,20450.0,11275,0.5214891601562499,False,REGULAR,USD,call,2025-04-04,109.66999816894531,0.04
NVDA250404C00117000,2025-03-28 19:59:59+00:00,117.0,0.66,0.66,0.67,-0.44,-39.999996,12063.0,12018,0.5200243310546875,False,REGULAR,USD,call,2025-04-04,109.66999816894531,0.04
NVDA250404C00118000,2025-03-28 19:59:41+00:00,118.0,0.53,0.52,0.53,-0.37,-41.11111,18213.0,41765,0.5210008837890624,False,REGULAR,USD,call,2025-04-04,109.66999816894531,0.04
NVDA250404C00119000,2025-03-28 19:59:37+00:00,119.0,0.4,0.39,0.4,-0.29,-42.028984,8057.0,9478,0.51562984375,False,REGULAR,USD,call,2025-04-04,109.66999816894531,0.04
NVDA250404C00120000,2025-03-28 19:59:58+00:00,120.0,0.31,0.31,0.32,-0.24000001,-43.636364,45829.0,36825,0.5210008837890624,False,REGULAR,USD,call,2025-04-04,109.66999816894531,0.04
NVDA250404C00121000,2025-03-28 19:59:47+00:00,121.0,0.25,0.24,0.25,-0.19,-43.18182,27180.0,12567,0.523442265625,False,REGULAR,USD,call,2025-04-04,109.66999816894531,0.04
NVDA250404C00122000,2025-03-28 19:59:49+00:00,122.0,0.19,0.19,0.2,-0.16,-45.714287,36896.0,15084,0.5293015820312501,False,REGULAR,USD,call,2025-04-04,109.66999816894531,0.04
NVDA250404C00123000,2025-03-28 19:59:32+00:00,123.0,0.15,0.15,0.16,-0.120000005,-44.444447,6872.0,25153,0.534184345703125,False,REGULAR,USD,call,2025-04-04,109.66999816894531,0.04
NVDA250404C00124000,2025-03-28 19:57:09+00:00,124.0,0.12,0.12,0.13,-0.1,-45.454548,3209.0,13838,0.5410202148437502,False,REGULAR,USD,call,2025-04-04,109.66999816894531,0.04
NVDA250404C00125000,2025-03-28 19:59:24+00:00,125.0,0.11,0.1,0.11,-0.07000001,-38.888893,54312.0,50783,0.55273884765625,False,REGULAR,USD,call,2025-04-04,109.66999816894531,0.04
NVDA250404C00126000,2025-03-28 19:59:47+00:00,126.0,0.08,0.08,0.09,-0.07000001,-46.66667,2917.0,7783,0.5585981640625001,False,REGULAR,USD,call,2025-04-04,109.66999816894531,0.04
NVDA250404C00127000,2025-03-28 19:59:50+00:00,127.0,0.08,0.07,0.08,-0.04,-33.333336,3511.0,9492,0.5742230078125,False,REGULAR,USD,call,2025-04-04,109.66999816894531,0.04
NVDA250404C00128000,2025-03-28 19:56:16+00:00,128.0,0.06,0.06,0.07,-0.040000003,-40.000004,2868.0,7330,0.585941640625,False,REGULAR,USD,call,2025-04-04,109.66999816894531,0.04
NVDA250404C00129000,2025-03-28 19:59:23+00:00,129.0,0.06,0.05,0.06,-0.030000005,-33.333336,4162.0,9826,0.5976602734375001,False,REGULAR,USD,call,2025-04-04,109.66999816894531,0.04
NVDA250404C00130000,2025-03-28 19:58:45+00:00,130.0,0.05,0.04,0.05,-0.029999997,-37.499996,9015.0,49197,0.6015664843750002,False,REGULAR,USD,call,2025-04-04,109.66999816894531,0.04
NVDA250404C00131000,2025-03-28 19:56:13+00:00,131.0,0.04,0.04,0.05,-0.030000001,-42.857143,739.0,5099,0.6250037500000001,False,REGULAR,USD,call,2025-04-04,109.66999816894531,0.04
NVDA250404C00132000,2025-03-28 19:52:08+00:00,132.0,0.04,0.03,0.04,-0.02,-33.333336,1492.0,9672,0.6289099609375001,False,REGULAR,USD,call,2025-04-04,109.66999816894531,0.04
NVDA250404C00133000,2025-03-28 19:38:12+00:00,133.0,0.03,0.03,0.04,-0.03,-50.0,584.0,5661,0.648441015625,False,REGULAR,USD,call,2025-04-04,109.66999816894531,0.04
NVDA250404C00134000,2025-03-28 19:59:18+00:00,134.0,0.03,0.03,0.04,-0.020000001,-40.000004,1496.0,3746,0.6718782812500002,False,REGULAR,USD,call,2025-04-04,109.66999816894531,0.04
NVDA250404C00135000,2025-03-28 19:54:50+00:00,135.0,0.02,0.02,0.03,-0.02,-50.0,3725.0,12283,0.6640658593750002,False,REGULAR,USD,call,2025-04-04,109.66999816894531,0.04
NVDA250404C00136000,2025-03-28 18:49:53+00:00,136.0,0.02,0.02,0.03,-0.01,-33.333336,198.0,2678,0.6875031250000001,False,REGULAR,USD,call,2025-04-04,109.66999816894531,0.04
NVDA250404C00137000,2025-03-28 19:57:53+00:00,137.0,0.02,0.01,0.03,-0.01,-33.333336,1030.0,4167,0.6875031250000001,False,REGULAR,USD,call,2025-04-04,109.66999816894531,0.04
NVDA250404C00138000,2025-03-28 19:58:05+00:00,138.0,0.02,0.01,0.02,-0.01,-33.333336,745.0,3289,0.6875031250000001,False,REGULAR,USD,call,2025-04-04,109.66999816894531,0.04
NVDA250404C00139000,2025-03-28 19:41:20+00:00,139.0,0.02,0.01,0.02,-0.02,-50.0,214.0,8741,0.70312796875,False,REGULAR,USD,call,2025-04-04,109.66999816894531,0.04
NVDA250404C00140000,2025-03-28 19:54:50+00:00,140.0,0.02,0.01,0.02,0.0,0.0,2235.0,18436,0.7187528125,False,REGULAR,USD,call,2025-04-04,109.66999816894531,0.04
NVDA250404C00141000,2025-03-28 19:59:30+00:00,141.0,0.02,0.01,0.02,-0.01,-33.333336,158.0,5615,0.7421900781249999,False,REGULAR,USD,call,2025-04-04,109.66999816894531,0.04
NVDA250404C00142000,2025-03-28 19:25:42+00:00,142.0,0.02,0.01,0.02,0.0,0.0,14.0,2365,0.7578149218750001,False,REGULAR,USD,call,2025-04-04,109.66999816894531,0.04
NVDA250404C00143000,2025-03-28 19:30:23+00:00,143.0,0.01,0.01,0.02,0.0,0.0,20.0,2715,0.7812521875,False,REGULAR,USD,call,2025-04-04,109.66999816894531,0.04
NVDA250404C00144000,2025-03-28 18:12:16+00:00,144.0,0.01,0.01,0.02,-0.01,-50.0,24.0,2696,0.79687703125,False,REGULAR,USD,call,2025-04-04,109.66999816894531,0.04
NVDA250404C00145000,2025-03-28 19:54:50+00:00,145.0,0.01,0.01,0.02,0.0,0.0,351.0,6834,0.8125018749999999,False,REGULAR,USD,call,2025-04-04,109.66999816894531,0.04
NVDA250404C00146000,2025-03-28 19:59:48+00:00,146.0,0.01,0.0,0.02,0.0,0.0,601.0,1131,0.79687703125,False,REGULAR,USD,call,2025-04-04,109.66999816894531,0.04
NVDA250404C00147000,2025-03-28 16:20:41+00:00,147.0,0.01,0.0,0.01,-0.01,-50.0,3518.0,2586,0.7656273437500001,False,REGULAR,USD,call,2025-04-04,109.66999816894531,0.04
NVDA250404C00148000,2025-03-28 17:43:08+00:00,148.0,0.01,0.0,0.01,0.0,0.0,334.0,1471,0.7812521875,False,REGULAR,USD,call,2025-04-04,109.66999816894531,0.04
NVDA250404C00149000,2025-03-28 18:56:59+00:00,149.0,0.01,0.0,0.01,0.0,0.0,133.0,2998,0.79687703125,False,REGULAR,USD,call,2025-04-04,109.66999816894531,0.04
NVDA250404C00150000,2025-03-28 19:56:05+00:00,150.0,0.01,0.0,0.01,0.0,0.0,423.0,8014,0.8125018749999999,False,REGULAR,USD,call,2025-04-04,109.66999816894531,0.04
NVDA250404C00152500,2025-03-28 18:21:18+00:00,152.5,0.01,0.0,0.01,0.0,0.0,9.0,1823,0.8437515624999999,False,REGULAR,USD,call,2025-04-04,109.66999816894531,0.04
NVDA250404C00155000,2025-03-27 19:56:53+00:00,155.0,0.01,0.0,0.01,0.0,0.0,6.0,4817,0.87500125,False,REGULAR,USD,call,2025-04-04,109.66999816894531,0.04
NVDA250404C00157500,2025-03-27 19:06:45+00:00,157.5,0.01,0.0,0.01,0.0,0.0,11.0,1728,0.937500625,False,REGULAR,USD,call,2025-04-04,109.66999816894531,0.04
NVDA250404C00160000,2025-03-27 16:59:54+00:00,160.0,0.01,0.0,0.01,0.0,0.0,4.0,3641,0.9687503125,False,REGULAR,USD,call,2025-04-04,109.66999816894531,0.04
NVDA250404C00165000,2025-03-27 15:28:52+00:00,165.0,0.01,0.0,0.01,0.0,0.0,25.0,3390,1.0312548437500002,False,REGULAR,USD,call,2025-04-04,109.66999816894531,0.04
NVDA250404C00170000,2025-03-28 15:24:09+00:00,170.0,0.01,0.0,0.01,0.0,0.0,1.0,2377,1.09375453125,False,REGULAR,USD,call,2025-04-04,109.66999816894531,0.04
NVDA250404C00175000,2025-03-28 19:45:40+00:00,175.0,0.01,0.0,0.01,0.0,0.0,6.0,799,1.15625421875,False,REGULAR,USD,call,2025-04-04,109.66999816894531,0.04
NVDA250404C00180000,2025-03-28 13:57:29+00:00,180.0,0.01,0.0,0.01,0.0,0.0,3.0,1293,1.21875390625,False,REGULAR,USD,call,2025-04-04,109.66999816894531,0.04
NVDA250404C00185000,2025-03-27 16:57:21+00:00,185.0,0.01,0.0,0.01,0.0,0.0,1.0,990,1.2812535937499998,False,REGULAR,USD,call,2025-04-04,109.66999816894531,0.04
NVDA250404C00190000,2025-03-20 14:49:32+00:00,190.0,0.01,0.0,0.01,0.0,0.0,5.0,1101,1.3437532812499997,False,REGULAR,USD,call,2025-04-04,109.66999816894531,0.04
NVDA250404C00195000,2025-03-25 13:30:00+00:00,195.0,0.01,0.0,0.01,0.0,0.0,5.0,458,1.40625296875,False,REGULAR,USD,call,2025-04-04,109.66999816894531,0.04
NVDA250404C00200000,2025-03-21 14:37:54+00:00,200.0,0.01,0.0,0.01,0.0,0.0,600.0,1264,1.4375028125,False,REGULAR,USD,call,2025-04-04,109.66999816894531,0.04
NVDA250404C00205000,2025-03-20 15:41:21+00:00,205.0,0.01,0.0,0.01,0.0,0.0,216.0,1853,1.5000025,False,REGULAR,USD,call,2025-04-04,109.66999816894531,0.04
NVDA250404C00210000,2025-03-26 14:30:51+00:00,210.0,0.01,0.0,0.01,0.0,0.0,1.0,447,1.5625021874999998,False,REGULAR,USD,call,2025-04-04,109.66999816894531,0.04
NVDA250404C00215000,2025-03-25 19:41:49+00:00,215.0,0.01,0.0,0.01,0.0,0.0,13.0,390,1.625001875,False,REGULAR,USD,call,2025-04-04,109.66999816894531,0.04
NVDA250404C00220000,2025-03-25 13:37:51+00:00,220.0,0.01,0.0,0.01,0.0,0.0,1.0,233,1.6875015625,False,REGULAR,USD,call,2025-04-04,109.66999816894531,0.04
NVDA250404C00225000,2025-03-17 13:58:19+00:00,225.0,0.02,0.0,0.01,0.0,0.0,448.0,662,1.71875140625,False,REGULAR,USD,call,2025-04-04,109.66999816894531,0.04
NVDA250404C00230000,2025-03-17 16:05:51+00:00,230.0,0.01,0.0,0.01,0.0,0.0,84.0,128,1.75000125,False,REGULAR,USD,call,2025-04-04,109.66999816894531,0.04
NVDA250404C00235000,2025-03-18 18:05:20+00:00,235.0,0.01,0.0,0.01,0.0,0.0,2.0,148,1.8125009374999999,False,REGULAR,USD,call,2025-04-04,109.66999816894531,0.04
NVDA250404C00240000,2025-03-26 13:30:00+00:00,240.0,0.01,0.0,0.01,0.0,0.0,6.0,211,1.875000625,False,REGULAR,USD,call,2025-04-04,109.66999816894531,0.04
NVDA250404P00050000,2025-03-28 19:51:34+00:00,50.0,0.01,0.0,0.01,0.0,0.0,5626.0,4697,1.96875015625,False,REGULAR,USD,put,2025-04-04,109.66999816894531,0.04
NVDA250404P00055000,2025-03-28 19:46:13+00:00,55.0,0.01,0.0,0.01,0.0,0.0,6158.0,8504,1.75000125,False,REGULAR,USD,put,2025-04-04,109.66999816894531,0.04
NVDA250404P00060000,2025-03-28 19:59:47+00:00,60.0,0.02,0.0,0.02,0.0,0.0,4837.0,18690,1.625001875,False,REGULAR,USD,put,2025-04-04,109.66999816894531,0.04
NVDA250404P00065000,2025-03-28 19:59:31+00:00,65.0,0.02,0.01,0.02,0.0,0.0,14634.0,23419,1.484377578125,False,REGULAR,USD,put,2025-04-04,109.66999816894531,0.04
NVDA250404P00070000,2025-03-28 19:54:09+00:00,70.0,0.02,0.02,0.04,-0.01,-33.333336,3674.0,19676,1.3906280468749999,False,REGULAR,USD,put,2025-04-04,109.66999816894531,0.04
NVDA250404P00075000,2025-03-28 19:58:31+00:00,75.0,0.04,0.03,0.04,0.0,0.0,8003.0,19336,1.21875390625,False,REGULAR,USD,put,2025-04-04,109.66999816894531,0.04
NVDA250404P00080000,2025-03-28 19:57:47+00:00,80.0,0.05,0.04,0.05,0.010000002,25.000006,6394.0,8760,1.0625046875000002,False,REGULAR,USD,put,2025-04-04,109.66999816894531,0.04
NVDA250404P00085000,2025-03-28 19:57:56+00:00,85.0,0.06,0.06,0.07,0.0,0.0,5724.0,4720,0.9257819921875,False,REGULAR,USD,put,2025-04-04,109.66999816894531,0.04
NVDA250404P00090000,2025-03-28 19:59:37+00:00,90.0,0.09,0.09,0.1,-0.009999998,-9.999998,2387.0,6395,0.78711150390625,False,REGULAR,USD,put,2025-04-04,109.66999816894531,0.04
NVDA250404P00095000,2025-03-28 19:59:28+00:00,95.0,0.2,0.19,0.21,0.010000005,5.2631607,5870.0,4988,0.6914093359375001,False,REGULAR,USD,put,2025-04-04,109.66999816894531,0.04
NVDA250404P00100000,2025-03-28 19:59:57+00:00,100.0,0.52,0.52,0.53,0.059999973,13.043472,29689.0,26872,0.6269568554687501,False,REGULAR,USD,put,2025-04-04,109.66999816894531,0.04
NVDA250404P00102000,2025-03-28 19:59:49+00:00,102.0,0.78,0.78,0.79,0.099999964,14.705877,10069.0,2759,0.6084023535156251,False,REGULAR,USD,put,2025-04-04,109.66999816894531,0.04
NVDA250404P00103000,2025-03-28 19:59:51+00:00,103.0,0.95,0.95,0.97,0.13999999,17.283949,7020.0,2895,0.6010782080078126,False,REGULAR,USD,put,2025-04-04,109.66999816894531,0.04
NVDA250404P00104000,2025-03-28 19:59:54+00:00,104.0,1.17,1.15,1.17,0.20999998,21.874998,22058.0,5304,0.5922892333984376,False,REGULAR,USD,put,2025-04-04,109.66999816894531,0.04
NVDA250404P00105000,2025-03-28 19:59:57+00:00,105.0,1.4,1.4,1.42,0.25,21.739132,46519.0,22279,0.586918193359375,False,REGULAR,USD,put,2025-04-04,109.66999816894531,0.04
NVDA250404P00106000,2025-03-28 19:59:42+00:00,106.0,1.69,1.69,1.7,0.34000003,25.185188,7745.0,6595,0.5805706005859376,False,REGULAR,USD,put,2025-04-04,109.66999816894531,0.04
NVDA250404P00107000,2025-03-28 19:59:59+00:00,107.0,2.02,2.01,2.03,0.42999995,27.044022,9736.0,5521,0.5737347314453125,False,REGULAR,USD,put,2025-04-04,109.66999816894531,0.04
NVDA250404P00108000,2025-03-28 19:59:54+00:00,108.0,2.38,2.37,2.4,0.48000014,25.263166,23653.0,12613,0.5659223095703125,False,REGULAR,USD,put,2025-04-04,109.66999816894531,0.04
NVDA250404P00109000,2025-03-28 19:59:48+00:00,109.0,2.79,2.78,2.82,0.54999995,24.553568,23844.0,5190,0.5585981640625001,False,REGULAR,USD,put,2025-04-04,109.66999816894531,0.04
NVDA250404P00110000,2025-03-28 19:59:56+00:00,110.0,3.24,3.2,3.3,0.6500001,25.096529,59686.0,24445,0.5488326367187502,True,REGULAR,USD,put,2025-04-04,109.66999816894531,0.04
NVDA250404P00111000,2025-03-28 19:59:54+00:00,111.0,3.77,3.7,3.8,0.72,23.606558,15637.0,9802,0.5385788330078126,True,REGULAR,USD,put,2025-04-04,109.66999816894531,0.04
NVDA250404P00112000,2025-03-28 19:59:56+00:00,112.0,4.3,4.3,4.35,0.7700002,21.813038,10489.0,10779,0.5324753784179688,True,REGULAR,USD,put,2025-04-04,109.66999816894531,0.04
NVDA250404P00113000,2025-03-28 19:59:02+00:00,113.0,4.95,4.9,5.0,0.9499998,23.749996,5839.0,5248,0.5261277856445312,True,REGULAR,USD,put,2025-04-04,109.66999816894531,0.04
NVDA250404P00114000,2025-03-28 19:58:59+00:00,114.0,5.55,5.55,5.65,0.96000004,20.915033,5240.0,5453,0.514653291015625,True,REGULAR,USD,put,2025-04-04,109.66999816894531,0.04
NVDA250404P00115000,2025-03-28 19:59:37+00:00,115.0,6.3,6.15,6.4,1.0700002,20.458893,9453.0,19632,0.5249070947265625,True,REGULAR,USD,put,2025-04-04,109.66999816894531,0.04
NVDA250404P00116000,2025-03-28 19:59:46+00:00,116.0,7.05,6.9,7.15,1.1800003,20.10222,5540.0,16006,0.5151415673828125,True,REGULAR,USD,put,2025-04-04,109.66999816894531,0.04
NVDA250404P00117000,2025-03-28 19:58:54+00:00,117.0,7.85,7.6,8.05,1.1799998,17.691153,1697.0,4453,0.5351608984375,True,REGULAR,USD,put,2025-04-04,109.66999816894531,0.04
NVDA250404P00118000,2025-03-28 19:59:25+00:00,118.0,8.7,8.4,8.9,1.2999997,17.567562,1350.0,4028,0.5346726220703125,True,REGULAR,USD,put,2025-04-04,109.66999816894531,0.04
NVDA250404P00119000,2025-03-28 19:59:41+00:00,119.0,9.65,9.3,9.9,1.5899992,19.727036,838.0,2896,0.5751995605468749,True,REGULAR,USD,put,2025-04-04,109.66999816894531,0.04
NVDA250404P00120000,2025-03-28 19:57:44+00:00,120.0,10.55,10.35,10.9,1.4200001,15.5531225,2995.0,7887,0.5127001855468749,True,REGULAR,USD,put,2025-04-04,109.66999816894531,0.04
NVDA250404P00121000,2025-03-28 19:54:40+00:00,121.0,11.6,11.15,11.8,1.6000004,16.000004,327.0,2756,0.6181678808593751,True,REGULAR,USD,put,2025-04-04,109.66999816894531,0.04
NVDA250404P00122000,2025-03-28 19:53:59+00:00,122.0,12.55,12.1,12.75,1.8699999,17.509361,431.0,3580,0.6347692773437501,True,REGULAR,USD,put,2025-04-04,109.66999816894531,0.04
NVDA250404P00123000,2025-03-28 19:38:05+00:00,123.0,13.3,13.05,13.7,1.46,12.331081,386.0,2376,0.648441015625,True,REGULAR,USD,put,2025-04-04,109.66999816894531,0.04
NVDA250404P00124000,2025-03-28 19:57:37+00:00,124.0,14.2,14.15,14.65,1.3999996,10.937497,369.0,1309,0.659183095703125,True,REGULAR,USD,put,2025-04-04,109.66999816894531,0.04
NVDA250404P00125000,2025-03-28 19:59:18+00:00,125.0,15.35,15.15,15.55,1.7300005,12.701912,711.0,4876,0.6367223828125,True,REGULAR,USD,put,2025-04-04,109.66999816894531,0.04
NVDA250404P00126000,2025-03-28 19:54:40+00:00,126.0,16.5,16.0,16.6,2.0100002,13.871637,189.0,888,0.6962920996093751,True,REGULAR,USD,put,2025-04-04,109.66999816894531,0.04
NVDA250404P00127000,2025-03-28 19:53:40+00:00,127.0,17.33,16.9,17.65,1.8099995,11.662367,128.0,648,0.7539087109375,True,REGULAR,USD,put,2025-04-04,109.66999816894531,0.04
NVDA250404P00128000,2025-03-28 19:54:13+00:00,128.0,18.48,18.0,18.65,2.0599995,12.545672,148.0,1570,0.7841818457031251,True,REGULAR,USD,put,2025-04-04,109.66999816894531,0.04
NVDA250404P00129000,2025-03-28 19:43:14+00:00,129.0,19.15,18.95,19.65,1.3500004,7.5842724,151.0,779,0.81445498046875,True,REGULAR,USD,put,2025-04-04,109.66999816894531,0.04
NVDA250404P00130000,2025-03-28 19:37:08+00:00,130.0,20.19,20.05,20.65,1.710001,9.253252,172.0,1655,0.5468795312500001,True,REGULAR,USD,put,2025-04-04,109.66999816894531,0.04
NVDA250404P00131000,2025-03-28 19:45:23+00:00,131.0,21.41,20.95,21.65,1.9699993,10.133741,73.0,57,0.8730481445312499,True,REGULAR,USD,put,2025-04-04,109.66999816894531,0.04
NVDA250404P00132000,2025-03-28 19:29:54+00:00,132.0,22.12,21.6,23.1,1.6000004,7.7972727,2.0,5,0.585941640625,True,REGULAR,USD,put,2025-04-04,109.66999816894531,0.04
NVDA250404P00133000,2025-03-28 14:10:13+00:00,133.0,23.45,22.6,24.1,2.0500011,9.579445,4.0,5,0.6093789062500001,True,REGULAR,USD,put,2025-04-04,109.66999816894531,0.04
NVDA250404P00134000,2025-03-28 14:10:13+00:00,134.0,23.73,23.6,25.1,2.1299992,9.861107,12.0,0,0.6250037500000001,True,REGULAR,USD,put,2025-04-04,109.66999816894531,0.04
NVDA250404P00135000,2025-03-28 18:35:50+00:00,135.0,24.9,24.7,26.0,1.5,6.410257,6.0,10,0.648441015625,True,REGULAR,USD,put,2025-04-04,109.66999816894531,0.04
NVDA250404P00136000,2025-03-27 19:54:40+00:00,136.0,24.45,25.6,27.1,0.0,0.0,220.0,1,0.6718782812500002,True,REGULAR,USD,put,2025-04-04,109.66999816894531,0.04
NVDA250404P00137000,2025-03-28 13:41:26+00:00,137.0,24.5,26.6,28.1,-0.95000076,-3.7328124,2.0,2,0.6875031250000001,True,REGULAR,USD,put,2025-04-04,109.66999816894531,0.04
NVDA250404P00138000,2025-03-27 19:43:39+00:00,138.0,25.85,27.6,29.1,0.0,0.0,89.0,6,0.710940390625,True,REGULAR,USD,put,2025-04-04,109.66999816894531,0.04
NVDA250404P00139000,2025-03-27 19:03:28+00:00,139.0,26.7,28.6,30.1,0.0,0.0,27.0,4,0.726565234375,True,REGULAR,USD,put,2025-04-04,109.66999816894531,0.04
NVDA250404P00140000,2025-03-28 19:25:21+00:00,140.0,29.84,29.7,31.0,1.1399994,3.9721231,18.0,23,0.7500025,True,REGULAR,USD,put,2025-04-04,109.66999816894531,0.04
NVDA250404P00141000,2025-03-27 19:39:30+00:00,141.0,28.55,30.6,32.1,0.0,0.0,32.0,8,0.7656273437500001,True,REGULAR,USD,put,2025-04-04,109.66999816894531,0.04
NVDA250404P00142000,2025-03-27 16:39:07+00:00,142.0,29.55,31.6,33.1,0.0,0.0,28.0,1,0.7812521875,True,REGULAR,USD,put,2025-04-04,109.66999816894531,0.04
NVDA250404P00143000,2025-03-27 19:39:30+00:00,143.0,30.55,32.6,34.1,0.0,0.0,78.0,0,0.804689453125,True,REGULAR,USD,put,2025-04-04,109.66999816894531,0.04
NVDA250404P00144000,2025-03-27 19:54:40+00:00,144.0,32.45,33.6,35.1,0.0,0.0,65.0,3,0.8203142968749999,True,REGULAR,USD,put,2025-04-04,109.66999816894531,0.04
NVDA250404P00145000,2025-03-27 16:18:32+00:00,145.0,32.1,34.7,36.0,0.0,0.0,55.0,0,0.8437515624999999,True,REGULAR,USD,put,2025-04-04,109.66999816894531,0.04
NVDA250404P00146000,2025-03-28 14:10:26+00:00,146.0,35.52,35.6,37.1,1.1199989,3.2558105,4.0,20,0.85937640625,True,REGULAR,USD,put,2025-04-04,109.66999816894531,0.04
NVDA250404P00147000,2025-03-27 19:20:02+00:00,147.0,34.45,36.6,38.1,0.0,0.0,94.0,2,0.87500125,True,REGULAR,USD,put,2025-04-04,109.66999816894531,0.04
NVDA250404P00148000,2025-03-27 18:37:11+00:00,148.0,37.45,37.6,39.1,1.75,4.901961,7.0,4,0.8906260937499999,True,REGULAR,USD,put,2025-04-04,109.66999816894531,0.04
NVDA250404P00149000,2025-03-27 19:04:50+00:00,149.0,36.75,38.6,40.1,0.0,0.0,100.0,0,0.9062509375,True,REGULAR,USD,put,2025-04-04,109.66999816894531,0.04
NVDA250404P00150000,2025-03-28 16:51:20+00:00,150.0,40.18,39.7,41.0,2.4300003,6.437087,10.0,2,0.929688203125,True,REGULAR,USD,put,2025-04-04,109.66999816894531,0.04
NVDA250404P00152500,2025-03-28 14:09:02+00:00,152.5,42.25,42.1,43.6,2.0499992,5.0995,6.0,0,0.9687503125,True,REGULAR,USD,put,2025-04-04,109.66999816894531,0.04
NVDA250404P00155000,2025-03-27 18:37:11+00:00,155.0,42.7,44.7,46.0,0.0,0.0,69.0,1,1.015629921875,True,REGULAR,USD,put,2025-04-04,109.66999816894531,0.04
NVDA250404P00157500,2025-03-27 16:22:00+00:00,157.5,44.6,47.1,48.6,0.0,0.0,17.0,1,1.0546922265625,True,REGULAR,USD,put,2025-04-04,109.66999816894531,0.04
NVDA250404P00160000,2025-03-27 13:51:17+00:00,160.0,47.6,49.7,51.0,0.0,0.0,12.0,0,1.09375453125,True,REGULAR,USD,put,2025-04-04,109.66999816894531,0.04
NVDA250404P00165000,2025-03-26 14:12:52+00:00,165.0,49.7,54.7,56.0,0.0,0.0,15.0,0,1.171879140625,True,REGULAR,USD,put,2025-04-04,109.66999816894531,0.04
NVDA250404P00170000,2025-03-28 13:53:24+00:00,170.0,58.49,59.7,61.0,9.390003,19.124243,2.0,0,1.2500037499999999,True,REGULAR,USD,put,2025-04-04,109.66999816894531,0.04
NVDA250404P00175000,2025-02-28 18:38:18+00:00,175.0,54.0,64.7,66.0,0.0,0.0,22.0,0,1.3203158984374999,True,REGULAR,USD,put,2025-04-04,109.66999816894531,0.04
NVDA250404P00180000,2025-03-18 13:35:25+00:00,180.0,63.0,69.7,71.0,0.0,0.0,10.0,0,1.3906280468749999,True,REGULAR,USD,put,2025-04-04,109.66999816894531,0.04
NVDA250404P00195000,2025-03-19 14:03:35+00:00,195.0,77.81,84.7,86.0,0.0,0.0,,0,1.5859395703124997,True,REGULAR,USD,put,2025-04-04,109.66999816894531,0.04
NVDA250404P00200000,2025-03-24 19:54:18+00:00,200.0,78.25,89.7,91.0,0.0,0.0,10.0,0,1.640626796875,True,REGULAR,USD,put,2025-04-04,109.66999816894531,0.04
NVDA250404P00210000,2025-03-27 19:55:15+00:00,210.0,98.74,99.7,101.0,0.0,0.0,1.0,1,1.765626171875,True,REGULAR,USD,put,2025-04-04,109.66999816894531,0.04
NVDA250404P00235000,2025-03-14 17:26:40+00:00,235.0,114.5,124.7,126.0,0.0,0.0,,0,2.031254921875,True,REGULAR,USD,put,2025-04-04,109.66999816894531,0.04
NVDA250404P00240000,2025-03-17 17:39:40+00:00,240.0,120.65,129.7,131.0,0.0,0.0,1.0,0,2.0781298046874994,True,REGULAR,USD,put,2025-04-04,109.66999816894531,0.04
NVDA250411C00050000,2025-03-28 19:42:19+00:00,50.0,59.64,59.45,60.05,-5.459999,-8.387095,114.0,9,1.7773448632812499,True,REGULAR,USD,call,2025-04-11,109.66999816894531,0.04
NVDA250411C00055000,2025-03-28 19:42:19+00:00,55.0,54.64,54.15,55.05,-4.16,-7.07483,4.0,7,1.99609376953125,True,REGULAR,USD,call,2025-04-11,109.66999816894531,0.04
NVDA250411C00060000,2025-03-28 19:42:19+00:00,60.0,49.66,49.15,50.1,-4.0999985,-7.626486,4.0,68,1.8125009374999999,True,REGULAR,USD,call,2025-04-11,109.66999816894531,0.04
NVDA250411C00065000,2025-03-28 19:44:20+00:00,65.0,44.79,44.4,45.1,-1.9099998,-4.0899353,8.0,363,1.2265663671875,True,REGULAR,USD,call,2025-04-11,109.66999816894531,0.04
NVDA250411C00070000,2025-03-28 19:44:20+00:00,70.0,39.76,39.2,40.1,-2.6900024,-6.336872,9.0,197,1.4052764111328124,True,REGULAR,USD,call,2025-04-11,109.66999816894531,0.04
NVDA250411C00075000,2025-03-28 19:44:20+00:00,75.0,34.81,34.4,35.15,-2.1399994,-5.791609,5.0,231,0.9570316796874999,True,REGULAR,USD,call,2025-04-11,109.66999816894531,0.04
NVDA250411C00080000,2025-03-28 19:44:20+00:00,80.0,29.81,29.6,30.15,-2.8999996,-8.865789,114.0,146,0.9062509375,True,REGULAR,USD,call,2025-04-11,109.66999816894531,0.04
NVDA250411C00085000,2025-03-28 19:54:12+00:00,85.0,24.73,24.7,25.5,-2.2000008,-8.169331,314.0,299,0.8784191845703124,True,REGULAR,USD,call,2025-04-11,109.66999816894531,0.04
NVDA250411C00090000,2025-03-28 18:11:02+00:00,90.0,20.0,19.8,20.35,-2.7999992,-12.280699,144.0,902,0.7070341796875,True,REGULAR,USD,call,2025-04-11,109.66999816894531,0.04
NVDA250411C00095000,2025-03-28 19:03:51+00:00,95.0,16.17,15.1,15.65,-1.6800003,-9.411766,105.0,1171,0.639652041015625,True,REGULAR,USD,call,2025-04-11,109.66999816894531,0.04
NVDA250411C00100000,2025-03-28 19:56:45+00:00,100.0,11.0,10.9,11.05,-2.1000004,-16.030537,541.0,1482,0.5854533642578125,True,REGULAR,USD,call,2025-04-11,109.66999816894531,0.04
NVDA250411C00102000,2025-03-28 19:55:00+00:00,102.0,9.38,9.25,9.45,-2.17,-18.787878,517.0,346,0.567387138671875,True,REGULAR,USD,call,2025-04-11,109.66999816894531,0.04
NVDA250411C00103000,2025-03-28 19:57:09+00:00,103.0,8.7,8.55,8.75,-1.3000002,-13.000003,596.0,377,0.5700726586914062,True,REGULAR,USD,call,2025-04-11,109.66999816894531,0.04
NVDA250411C00104000,2025-03-28 19:53:40+00:00,104.0,7.8,7.8,7.95,-1.5,-16.129032,1253.0,524,0.5573774731445313,True,REGULAR,USD,call,2025-04-11,109.66999816894531,0.04
NVDA250411C00105000,2025-03-28 19:59:06+00:00,105.0,7.2,7.15,7.2,-1.25,-14.7929,1398.0,673,0.551762294921875,True,REGULAR,USD,call,2025-04-11,109.66999816894531,0.04
NVDA250411C00106000,2025-03-28 19:49:28+00:00,106.0,6.63,6.45,6.55,-1.0699997,-13.8961,844.0,595,0.5454147021484376,True,REGULAR,USD,call,2025-04-11,109.66999816894531,0.04
NVDA250411C00107000,2025-03-28 19:58:59+00:00,107.0,5.9,5.8,5.9,-1.0999999,-15.714285,929.0,679,0.5380905566406251,True,REGULAR,USD,call,2025-04-11,109.66999816894531,0.04
NVDA250411C00108000,2025-03-28 19:57:25+00:00,108.0,5.35,5.2,5.3,-1.0,-15.748032,812.0,1012,0.5327195166015625,True,REGULAR,USD,call,2025-04-11,109.66999816894531,0.04
NVDA250411C00109000,2025-03-28 19:59:23+00:00,109.0,4.67,4.6,4.7,-1.0299997,-18.070171,4534.0,799,0.523442265625,True,REGULAR,USD,call,2025-04-11,109.66999816894531,0.04
NVDA250411C00110000,2025-03-28 19:59:52+00:00,110.0,4.13,4.1,4.15,-0.98,-19.178082,8991.0,3552,0.5188036401367188,False,REGULAR,USD,call,2025-04-11,109.66999816894531,0.04
NVDA250411C00111000,2025-03-28 19:58:02+00:00,111.0,3.68,3.6,3.65,-1.0199997,-21.702122,2563.0,1892,0.5127001855468749,False,REGULAR,USD,call,2025-04-11,109.66999816894531,0.04
NVDA250411C00112000,2025-03-28 19:59:43+00:00,112.0,3.16,3.15,3.2,-0.8399999,-20.999998,2955.0,3216,0.5080615600585938,False,REGULAR,USD,call,2025-04-11,109.66999816894531,0.04
NVDA250411C00113000,2025-03-28 19:59:57+00:00,113.0,2.75,2.73,2.76,-0.79999995,-22.535212,3901.0,3490,0.5014698291015626,False,REGULAR,USD,call,2025-04-11,109.66999816894531,0.04
NVDA250411C00114000,2025-03-28 19:59:48+00:00,114.0,2.38,2.34,2.39,-0.7199998,-23.225801,3175.0,3205,0.4997608618164063,False,REGULAR,USD,call,2025-04-11,109.66999816894531,0.04
NVDA250411C00115000,2025-03-28 19:59:48+00:00,115.0,2.02,2.0,2.03,-0.6500001,-24.344572,8620.0,8607,0.4924367163085938,False,REGULAR,USD,call,2025-04-11,109.66999816894531,0.04
NVDA250411C00116000,2025-03-28 19:59:28+00:00,116.0,1.73,1.7,1.72,-0.5799999,-25.108221,2749.0,4170,0.48730981445312505,False,REGULAR,USD,call,2025-04-11,109.66999816894531,0.04
NVDA250411C00117000,2025-03-28 19:59:41+00:00,117.0,1.45,1.43,1.45,-0.51,-26.020409,2481.0,3361,0.48291532714843755,False,REGULAR,USD,call,2025-04-11,109.66999816894531,0.04
NVDA250411C00118000,2025-03-28 19:57:09+00:00,118.0,1.21,1.19,1.22,-0.4699999,-27.976185,4607.0,4493,0.47998566894531247,False,REGULAR,USD,call,2025-04-11,109.66999816894531,0.04
NVDA250411C00119000,2025-03-28 19:56:45+00:00,119.0,1.01,0.99,1.01,-0.39,-27.857143,3067.0,4363,0.4753470434570312,False,REGULAR,USD,call,2025-04-11,109.66999816894531,0.04
NVDA250411C00120000,2025-03-28 19:59:57+00:00,120.0,0.83,0.83,0.85,-0.34999996,-29.661015,22520.0,13217,0.47510290527343746,False,REGULAR,USD,call,2025-04-11,109.66999816894531,0.04
NVDA250411C00121000,2025-03-28 19:59:19+00:00,121.0,0.7,0.68,0.7,-0.28000003,-28.57143,3581.0,5557,0.4721732470703125,False,REGULAR,USD,call,2025-04-11,109.66999816894531,0.04
NVDA250411C00122000,2025-03-28 19:56:52+00:00,122.0,0.58,0.57,0.58,-0.26,-30.952381,1744.0,8319,0.4714408325195312,False,REGULAR,USD,call,2025-04-11,109.66999816894531,0.04
NVDA250411C00123000,2025-03-28 19:58:42+00:00,123.0,0.49,0.48,0.49,-0.20999998,-29.999998,1030.0,3145,0.47363807617187503,False,REGULAR,USD,call,2025-04-11,109.66999816894531,0.04
NVDA250411C00124000,2025-03-28 19:58:27+00:00,124.0,0.4,0.39,0.4,-0.17999998,-31.03448,1405.0,3386,0.4721732470703125,False,REGULAR,USD,call,2025-04-11,109.66999816894531,0.04
NVDA250411C00125000,2025-03-28 19:58:20+00:00,125.0,0.34,0.32,0.34,-0.13999999,-29.166666,2929.0,10312,0.4760794580078125,False,REGULAR,USD,call,2025-04-11,109.66999816894531,0.04
NVDA250411C00126000,2025-03-28 19:56:47+00:00,126.0,0.29,0.28,0.29,-0.120000005,-29.268295,941.0,3681,0.4804739453125,False,REGULAR,USD,call,2025-04-11,109.66999816894531,0.04
NVDA250411C00127000,2025-03-28 19:56:16+00:00,127.0,0.23,0.23,0.24,-0.11,-32.35294,365.0,3754,0.481450498046875,False,REGULAR,USD,call,2025-04-11,109.66999816894531,0.04
NVDA250411C00128000,2025-03-28 19:55:38+00:00,128.0,0.2,0.19,0.2,-0.08999999,-31.03448,570.0,3399,0.48340360351562506,False,REGULAR,USD,call,2025-04-11,109.66999816894531,0.04
NVDA250411C00129000,2025-03-28 19:58:03+00:00,129.0,0.17,0.16,0.18,-0.08,-32.0,353.0,1505,0.49219257812500006,False,REGULAR,USD,call,2025-04-11,109.66999816894531,0.04
NVDA250411C00130000,2025-03-28 19:58:22+00:00,130.0,0.15,0.14,0.15,-0.059999987,-28.571424,3331.0,9938,0.49414568359375005,False,REGULAR,USD,call,2025-04-11,109.66999816894531,0.04
NVDA250411C00131000,2025-03-28 19:49:05+00:00,131.0,0.13,0.12,0.13,-0.07000001,-35.000004,152.0,1790,0.500005,False,REGULAR,USD,call,2025-04-11,109.66999816894531,0.04
NVDA250411C00132000,2025-03-28 19:38:21+00:00,132.0,0.12,0.11,0.12,-0.030000009,-20.000004,181.0,6930,0.506840869140625,False,REGULAR,USD,call,2025-04-11,109.66999816894531,0.04
NVDA250411C00133000,2025-03-28 19:57:33+00:00,133.0,0.1,0.1,0.11,-0.029999994,-23.07692,185.0,2439,0.51562984375,False,REGULAR,USD,call,2025-04-11,109.66999816894531,0.04
NVDA250411C00134000,2025-03-28 19:56:26+00:00,134.0,0.1,0.09,0.1,-0.019999996,-16.666664,172.0,4249,0.523442265625,False,REGULAR,USD,call,2025-04-11,109.66999816894531,0.04
NVDA250411C00135000,2025-03-28 19:58:22+00:00,135.0,0.09,0.08,0.09,-0.009999998,-9.999998,709.0,7950,0.5312546875,False,REGULAR,USD,call,2025-04-11,109.66999816894531,0.04
NVDA250411C00136000,2025-03-28 18:26:01+00:00,136.0,0.08,0.06,0.08,-0.020000003,-20.000004,221.0,3223,0.5312546875,False,REGULAR,USD,call,2025-04-11,109.66999816894531,0.04
NVDA250411C00137000,2025-03-28 19:30:30+00:00,137.0,0.07,0.06,0.07,-0.020000003,-22.222225,254.0,1313,0.5410202148437502,False,REGULAR,USD,call,2025-04-11,109.66999816894531,0.04
NVDA250411C00138000,2025-03-28 19:56:52+00:00,138.0,0.06,0.06,0.07,-0.02,-25.0,39.0,1635,0.5566450585937501,False,REGULAR,USD,call,2025-04-11,109.66999816894531,0.04
NVDA250411C00139000,2025-03-28 19:28:10+00:00,139.0,0.06,0.05,0.06,-0.010000002,-14.285716,38.0,5702,0.5585981640625001,False,REGULAR,USD,call,2025-04-11,109.66999816894531,0.04
NVDA250411C00140000,2025-03-28 19:41:25+00:00,140.0,0.05,0.05,0.06,-0.02,-28.571426,413.0,10151,0.5722699023437501,False,REGULAR,USD,call,2025-04-11,109.66999816894531,0.04
NVDA250411C00141000,2025-03-28 19:55:55+00:00,141.0,0.05,0.04,0.05,-0.009999998,-16.666664,212.0,1481,0.570316796875,False,REGULAR,USD,call,2025-04-11,109.66999816894531,0.04
NVDA250411C00142000,2025-03-28 19:07:35+00:00,142.0,0.04,0.04,0.05,-0.02,-33.333336,30.0,1966,0.585941640625,False,REGULAR,USD,call,2025-04-11,109.66999816894531,0.04
NVDA250411C00143000,2025-03-28 18:37:53+00:00,143.0,0.04,0.03,0.04,-0.010000002,-20.000004,109.0,916,0.5820354296875,False,REGULAR,USD,call,2025-04-11,109.66999816894531,0.04
NVDA250411C00145000,2025-03-28 19:47:43+00:00,145.0,0.03,0.03,0.04,0.0,0.0,261.0,3241,0.6054726953125001,False,REGULAR,USD,call,2025-04-11,109.66999816894531,0.04
NVDA250411C00150000,2025-03-28 18:50:30+00:00,150.0,0.02,0.02,0.03,-0.01,-33.333336,157.0,3716,0.6445348046875,False,REGULAR,USD,call,2025-04-11,109.66999816894531,0.04
NVDA250411C00152500,2025-03-28 19:49:48+00:00,152.5,0.02,0.01,0.03,-0.01,-33.333336,162.0,698,0.6562534375000001,False,REGULAR,USD,call,2025-04-11,109.66999816894531,0.04
NVDA250411C00155000,2025-03-28 19:34:55+00:00,155.0,0.02,0.01,0.03,0.0,0.0,783.0,1894,0.6875031250000001,False,REGULAR,USD,call,2025-04-11,109.66999816894531,0.04
NVDA250411C00160000,2025-03-28 16:09:44+00:00,160.0,0.02,0.01,0.02,0.01,100.0,12.0,885,0.7187528125,False,REGULAR,USD,call,2025-04-11,109.66999816894531,0.04
NVDA250411C00165000,2025-03-28 18:44:41+00:00,165.0,0.01,0.01,0.02,0.0,0.0,2.0,547,0.773439765625,False,REGULAR,USD,call,2025-04-11,109.66999816894531,0.04
NVDA250411C00170000,2025-03-27 17:38:27+00:00,170.0,0.01,0.0,0.02,0.0,0.0,2.0,1210,0.79687703125,False,REGULAR,USD,call,2025-04-11,109.66999816894531,0.04
NVDA250411C00175000,2025-03-27 15:57:06+00:00,175.0,0.01,0.0,0.01,0.0,0.0,20.0,933,0.7812521875,False,REGULAR,USD,call,2025-04-11,109.66999816894531,0.04
NVDA250411C00180000,2025-03-28 13:30:05+00:00,180.0,0.01,0.0,0.01,0.0,0.0,10.0,1475,0.8437515624999999,False,REGULAR,USD,call,2025-04-11,109.66999816894531,0.04
NVDA250411C00185000,2025-03-25 13:42:33+00:00,185.0,0.01,0.0,0.01,0.0,0.0,32.0,1636,0.87500125,False,REGULAR,USD,call,2025-04-11,109.66999816894531,0.04
NVDA250411C00190000,2025-03-25 14:40:59+00:00,190.0,0.01,0.0,0.01,0.0,0.0,30.0,1309,0.9062509375,False,REGULAR,USD,call,2025-04-11,109.66999816894531,0.04
NVDA250411C00195000,2025-03-28 13:30:09+00:00,195.0,0.01,0.0,0.01,0.0,0.0,10.0,290,0.9687503125,False,REGULAR,USD,call,2025-04-11,109.66999816894531,0.04
NVDA250411C00200000,2025-03-21 14:20:10+00:00,200.0,0.01,0.0,0.01,0.0,0.0,8.0,529,0.98437515625,False,REGULAR,USD,call,2025-04-11,109.66999816894531,0.04
NVDA250411C00205000,2025-03-24 15:18:49+00:00,205.0,0.01,0.0,0.01,0.0,0.0,3.0,1270,1.0312548437500002,False,REGULAR,USD,call,2025-04-11,109.66999816894531,0.04
NVDA250411C00210000,2025-03-21 17:29:25+00:00,210.0,0.01,0.0,0.01,0.0,0.0,1.0,141,1.0625046875000002,False,REGULAR,USD,call,2025-04-11,109.66999816894531,0.04
NVDA250411C00215000,2025-03-21 14:49:53+00:00,215.0,0.01,0.0,0.01,0.0,0.0,4.0,342,1.09375453125,False,REGULAR,USD,call,2025-04-11,109.66999816894531,0.04
NVDA250411C00220000,2025-03-24 13:35:46+00:00,220.0,0.01,0.0,0.01,0.0,0.0,1.0,122,1.125004375,False,REGULAR,USD,call,2025-04-11,109.66999816894531,0.04
NVDA250411C00225000,2025-03-24 13:47:00+00:00,225.0,0.01,0.0,0.01,0.0,0.0,10.0,39,1.15625421875,False,REGULAR,USD,call,2025-04-11,109.66999816894531,0.04
NVDA250411C00230000,2025-03-19 15:37:41+00:00,230.0,0.01,0.0,0.01,0.0,0.0,1.0,10,1.1875040625,False,REGULAR,USD,call,2025-04-11,109.66999816894531,0.04
NVDA250411C00235000,2025-03-18 18:45:39+00:00,235.0,0.01,0.0,0.01,0.0,0.0,,10,1.21875390625,False,REGULAR,USD,call,2025-04-11,109.66999816894531,0.04
NVDA250411C00240000,2025-03-17 18:23:58+00:00,240.0,0.01,0.0,0.01,0.0,0.0,37.0,58,1.2500037499999999,False,REGULAR,USD,call,2025-04-11,109.66999816894531,0.04
NVDA250411P00050000,2025-03-28 19:59:10+00:00,50.0,0.02,0.01,0.03,-0.01,-33.333336,243.0,7277,1.5156274218749999,False,REGULAR,USD,put,2025-04-11,109.66999816894531,0.04
NVDA250411P00055000,2025-03-28 19:12:56+00:00,55.0,0.03,0.02,0.03,0.01,50.0,1944.0,6849,1.3750031249999999,False,REGULAR,USD,put,2025-04-11,109.66999816894531,0.04
NVDA250411P00060000,2025-03-28 19:14:10+00:00,60.0,0.03,0.03,0.04,0.0,0.0,4127.0,3623,1.2656286718749998,False,REGULAR,USD,put,2025-04-11,109.66999816894531,0.04
NVDA250411P00065000,2025-03-28 19:50:52+00:00,65.0,0.05,0.04,0.05,0.010000002,25.000006,74.0,9573,1.140629296875,False,REGULAR,USD,put,2025-04-11,109.66999816894531,0.04
NVDA250411P00070000,2025-03-28 19:53:18+00:00,70.0,0.06,0.05,0.07,0.0,0.0,169.0,1934,1.0312548437500002,False,REGULAR,USD,put,2025-04-11,109.66999816894531,0.04
NVDA250411P00075000,2025-03-28 19:53:18+00:00,75.0,0.08,0.07,0.08,0.009999998,14.285712,199.0,2424,0.914063359375,False,REGULAR,USD,put,2025-04-11,109.66999816894531,0.04
NVDA250411P00080000,2025-03-28 19:09:50+00:00,80.0,0.11,0.1,0.11,0.019999996,22.222216,502.0,4844,0.8125018749999999,False,REGULAR,USD,put,2025-04-11,109.66999816894531,0.04
NVDA250411P00085000,2025-03-28 19:51:32+00:00,85.0,0.15,0.15,0.16,0.0,0.0,325.0,3049,0.72070591796875,False,REGULAR,USD,put,2025-04-11,109.66999816894531,0.04
NVDA250411P00090000,2025-03-28 19:59:25+00:00,90.0,0.26,0.25,0.27,0.019999996,8.333332,15183.0,2305,0.6425816992187501,False,REGULAR,USD,put,2025-04-11,109.66999816894531,0.04
NVDA250411P00095000,2025-03-28 19:59:40+00:00,95.0,0.53,0.52,0.54,0.06999996,15.217383,2055.0,8600,0.5903361279296876,False,REGULAR,USD,put,2025-04-11,109.66999816894531,0.04
NVDA250411P00100000,2025-03-28 19:59:47+00:00,100.0,1.13,1.12,1.15,0.18,18.947369,7024.0,5698,0.5542036767578126,False,REGULAR,USD,put,2025-04-11,109.66999816894531,0.04
NVDA250411P00102000,2025-03-28 19:58:39+00:00,102.0,1.54,1.52,1.55,0.28999996,23.199997,537.0,1081,0.5441940112304688,False,REGULAR,USD,put,2025-04-11,109.66999816894531,0.04
NVDA250411P00103000,2025-03-28 19:58:03+00:00,103.0,1.75,1.75,1.79,0.36,25.899282,485.0,917,0.5385788330078126,False,REGULAR,USD,put,2025-04-11,109.66999816894531,0.04
NVDA250411P00104000,2025-03-28 19:58:41+00:00,104.0,2.04,2.02,2.05,0.38,22.891565,1238.0,1828,0.53320779296875,False,REGULAR,USD,put,2025-04-11,109.66999816894531,0.04
NVDA250411P00105000,2025-03-28 19:59:48+00:00,105.0,2.33,2.31,2.35,0.43999994,23.28042,3725.0,5645,0.5280808911132813,False,REGULAR,USD,put,2025-04-11,109.66999816894531,0.04
NVDA250411P00106000,2025-03-28 19:57:56+00:00,106.0,2.58,2.63,2.67,0.47000003,22.274885,1523.0,1956,0.5217332983398437,False,REGULAR,USD,put,2025-04-11,109.66999816894531,0.04
NVDA250411P00107000,2025-03-28 19:58:59+00:00,107.0,3.0,2.99,3.05,0.53,21.457489,1462.0,2106,0.5178270874023438,False,REGULAR,USD,put,2025-04-11,109.66999816894531,0.04
NVDA250411P00108000,2025-03-28 19:58:53+00:00,108.0,3.4,3.35,3.45,0.6200001,22.302162,2433.0,5002,0.5105029418945313,False,REGULAR,USD,put,2025-04-11,109.66999816894531,0.04
NVDA250411P00109000,2025-03-28 19:59:39+00:00,109.0,3.8,3.8,3.85,0.70000005,22.580647,9078.0,1838,0.5046436254882812,False,REGULAR,USD,put,2025-04-11,109.66999816894531,0.04
NVDA250411P00110000,2025-03-28 19:59:34+00:00,110.0,4.3,4.25,4.35,0.75000024,21.126768,12071.0,16001,0.500005,True,REGULAR,USD,put,2025-04-11,109.66999816894531,0.04
NVDA250411P00111000,2025-03-28 19:58:46+00:00,111.0,4.8,4.75,4.85,0.84000015,21.212124,1590.0,3290,0.500005,True,REGULAR,USD,put,2025-04-11,109.66999816894531,0.04
NVDA250411P00112000,2025-03-28 19:59:09+00:00,112.0,5.32,5.3,5.4,0.9000001,20.361992,2570.0,4461,0.4953663745117188,True,REGULAR,USD,put,2025-04-11,109.66999816894531,0.04
NVDA250411P00113000,2025-03-28 19:58:31+00:00,113.0,5.85,5.85,5.95,0.96000004,19.631903,2412.0,4696,0.4858449853515625,True,REGULAR,USD,put,2025-04-11,109.66999816894531,0.04
NVDA250411P00114000,2025-03-28 19:54:30+00:00,114.0,6.5,6.45,6.6,0.96000004,17.32852,784.0,1789,0.48413601806640627,True,REGULAR,USD,put,2025-04-11,109.66999816894531,0.04
NVDA250411P00115000,2025-03-28 19:59:27+00:00,115.0,7.15,6.85,7.5,1.0900002,17.986801,8215.0,12575,0.5114794946289063,True,REGULAR,USD,put,2025-04-11,109.66999816894531,0.04
NVDA250411P00116000,2025-03-28 19:58:35+00:00,116.0,7.84,7.5,8.3,1.0300002,15.12482,391.0,3558,0.5224657128906249,True,REGULAR,USD,put,2025-04-11,109.66999816894531,0.04
NVDA250411P00117000,2025-03-28 19:59:00+00:00,117.0,8.62,8.2,8.65,1.2199998,16.486485,720.0,1990,0.4631401342773438,True,REGULAR,USD,put,2025-04-11,109.66999816894531,0.04
NVDA250411P00118000,2025-03-28 19:53:09+00:00,118.0,9.35,9.35,9.45,1.3500004,16.875004,404.0,3168,0.46362841064453125,True,REGULAR,USD,put,2025-04-11,109.66999816894531,0.04
NVDA250411P00119000,2025-03-28 19:58:35+00:00,119.0,10.08,9.85,10.45,1.7799997,21.44578,219.0,2660,0.4946339599609375,True,REGULAR,USD,put,2025-04-11,109.66999816894531,0.04
NVDA250411P00120000,2025-03-28 19:59:42+00:00,120.0,11.0,10.7,11.3,1.6199999,17.270786,1281.0,7468,0.4975636181640626,True,REGULAR,USD,put,2025-04-11,109.66999816894531,0.04
NVDA250411P00121000,2025-03-28 18:40:33+00:00,121.0,12.05,11.5,12.15,2.5500002,26.842108,111.0,1151,0.49707534179687507,True,REGULAR,USD,put,2025-04-11,109.66999816894531,0.04
NVDA250411P00122000,2025-03-28 19:53:40+00:00,122.0,12.84,12.4,13.05,2.2799997,21.590906,93.0,4013,0.5029346582031251,True,REGULAR,USD,put,2025-04-11,109.66999816894531,0.04
NVDA250411P00123000,2025-03-28 19:59:42+00:00,123.0,13.65,13.3,13.95,2.3499994,20.796455,135.0,3450,0.50586431640625,True,REGULAR,USD,put,2025-04-11,109.66999816894531,0.04
NVDA250411P00124000,2025-03-28 19:54:02+00:00,124.0,14.72,14.0,14.85,2.3100004,18.614023,56.0,1265,0.50586431640625,True,REGULAR,USD,put,2025-04-11,109.66999816894531,0.04
NVDA250411P00125000,2025-03-28 19:54:02+00:00,125.0,15.56,15.3,15.75,1.5600004,11.14286,660.0,1632,0.5009815527343751,True,REGULAR,USD,put,2025-04-11,109.66999816894531,0.04
NVDA250411P00126000,2025-03-28 19:35:42+00:00,126.0,16.44,15.9,16.8,1.7900009,12.218436,26.0,516,0.5380905566406251,True,REGULAR,USD,put,2025-04-11,109.66999816894531,0.04
NVDA250411P00127000,2025-03-28 19:43:43+00:00,127.0,17.6,16.85,17.75,3.0600004,21.045395,33.0,371,0.5454147021484376,True,REGULAR,USD,put,2025-04-11,109.66999816894531,0.04
NVDA250411P00128000,2025-03-28 19:41:13+00:00,128.0,18.56,18.0,18.7,2.6099997,16.363634,91.0,528,0.5502974658203126,True,REGULAR,USD,put,2025-04-11,109.66999816894531,0.04
NVDA250411P00129000,2025-03-28 18:55:18+00:00,129.0,18.9,18.8,19.7,1.2999992,7.3863587,18.0,381,0.5712933496093751,True,REGULAR,USD,put,2025-04-11,109.66999816894531,0.04
NVDA250411P00130000,2025-03-28 19:59:52+00:00,130.0,20.4,20.15,20.55,1.5699997,8.337757,225.0,1432,0.5312546875,True,REGULAR,USD,put,2025-04-11,109.66999816894531,0.04
NVDA250411P00131000,2025-03-28 19:40:02+00:00,131.0,21.5,21.1,21.65,2.6399994,13.997875,127.0,189,0.5927775097656252,True,REGULAR,USD,put,2025-04-11,109.66999816894531,0.04
NVDA250411P00132000,2025-03-28 17:42:42+00:00,132.0,22.35,21.6,23.1,1.7299995,8.389911,17.0,184,0.752932158203125,True,REGULAR,USD,put,2025-04-11,109.66999816894531,0.04
NVDA250411P00133000,2025-03-28 19:35:08+00:00,133.0,23.44,22.55,24.1,3.1400013,15.467988,89.0,154,0.7749045947265626,True,REGULAR,USD,put,2025-04-11,109.66999816894531,0.04
NVDA250411P00134000,2025-03-28 13:42:43+00:00,134.0,24.63,22.6,26.15,2.1799984,9.71046,14.0,91,1.0253954980468751,True,REGULAR,USD,put,2025-04-11,109.66999816894531,0.04
NVDA250411P00135000,2025-03-28 19:39:39+00:00,135.0,25.46,25.05,27.15,2.5999985,11.373571,98.0,187,0.8173846386718748,True,REGULAR,USD,put,2025-04-11,109.66999816894531,0.04
NVDA250411P00136000,2025-03-28 19:40:02+00:00,136.0,26.24,26.05,28.15,2.2399998,9.333333,118.0,0,0.8378922460937499,True,REGULAR,USD,put,2025-04-11,109.66999816894531,0.04
NVDA250411P00137000,2025-03-27 19:22:21+00:00,137.0,24.17,27.05,29.15,0.0,0.0,281.0,774,0.858399853515625,True,REGULAR,USD,put,2025-04-11,109.66999816894531,0.04
NVDA250411P00138000,2025-03-27 19:28:20+00:00,138.0,25.25,28.05,30.15,0.0,0.0,796.0,309,0.8789074609374999,True,REGULAR,USD,put,2025-04-11,109.66999816894531,0.04
NVDA250411P00139000,2025-03-27 19:11:24+00:00,139.0,26.6,29.05,31.15,0.0,0.0,947.0,1,0.8984385156249999,True,REGULAR,USD,put,2025-04-11,109.66999816894531,0.04
NVDA250411P00140000,2025-03-26 18:47:40+00:00,140.0,27.13,30.05,32.15,0.0,0.0,70.0,8,0.9184578466796876,True,REGULAR,USD,put,2025-04-11,109.66999816894531,0.04
NVDA250411P00141000,2025-03-27 19:28:38+00:00,141.0,28.2,31.05,33.15,0.0,0.0,2.0,0,0.9379889013671875,True,REGULAR,USD,put,2025-04-11,109.66999816894531,0.04
NVDA250411P00142000,2025-03-28 14:05:27+00:00,142.0,30.79,32.05,34.15,0.8200016,2.736075,3.0,0,0.9570316796874999,True,REGULAR,USD,put,2025-04-11,109.66999816894531,0.04
NVDA250411P00143000,2025-03-27 14:26:40+00:00,143.0,30.55,33.05,35.15,0.0,0.0,11.0,0,0.9760744580078126,True,REGULAR,USD,put,2025-04-11,109.66999816894531,0.04
NVDA250411P00145000,2025-03-28 19:38:47+00:00,145.0,35.27,35.05,37.0,1.670002,4.9702444,77.0,3,0.9897461962890625,True,REGULAR,USD,put,2025-04-11,109.66999816894531,0.04
NVDA250411P00150000,2025-03-28 15:00:33+00:00,150.0,40.4,40.05,42.15,2.8500023,7.589886,3.0,0,1.1025435498046878,True,REGULAR,USD,put,2025-04-11,109.66999816894531,0.04
NVDA250411P00152500,2025-03-28 19:12:37+00:00,152.5,42.65,42.55,44.65,2.6000023,6.4918914,6.0,7,1.1455120849609375,True,REGULAR,USD,put,2025-04-11,109.66999816894531,0.04
NVDA250411P00155000,2025-03-27 19:39:30+00:00,155.0,42.55,45.05,47.15,0.0,0.0,4.0,5,1.1875040625,True,REGULAR,USD,put,2025-04-11,109.66999816894531,0.04
NVDA250411P00160000,2025-03-27 19:54:40+00:00,160.0,48.3,50.05,52.15,-0.10000229,-0.20661628,1.0,4,1.2675817871093749,True,REGULAR,USD,put,2025-04-11,109.66999816894531,0.04
NVDA250411P00165000,2025-03-27 19:55:14+00:00,165.0,52.86,55.05,57.15,0.0,0.0,1.0,5,1.3447298388671873,True,REGULAR,USD,put,2025-04-11,109.66999816894531,0.04
NVDA250411P00170000,2025-03-27 19:55:14+00:00,170.0,60.15,60.05,62.15,2.2800026,3.9398696,7.0,8,1.4179716601562502,True,REGULAR,USD,put,2025-04-11,109.66999816894531,0.04
NVDA250411P00240000,2025-03-03 18:07:49+00:00,240.0,124.41,130.05,132.15,0.0,0.0,,0,2.2060591723632808,True,REGULAR,USD,put,2025-04-11,109.66999816894531,0.04
NVDA250417C00005000,2025-03-27 19:55:03+00:00,5.0,106.6,103.75,105.55,0.0,0.0,394.0,13163,8.804691997070313,True,REGULAR,USD,call,2025-04-17,109.66999816894531,0.04
NVDA250417C00010000,2025-03-28 17:31:06+00:00,10.0,99.6,98.0,101.45,-2.709999,-2.6488116,20.0,138,4.17187978515625,True,REGULAR,USD,call,2025-04-17,109.66999816894531,0.04
NVDA250417C00015000,2025-03-27 19:04:13+00:00,15.0,94.81,94.4,95.0,-2.590004,-2.6591415,5.0,123,3.2187519531249995,True,REGULAR,USD,call,2025-04-17,109.66999816894531,0.04
NVDA250417C00020000,2025-03-25 13:50:43+00:00,20.0,99.27,87.95,91.5,0.0,0.0,6.0,137,2.9531276171874996,True,REGULAR,USD,call,2025-04-17,109.66999816894531,0.04
NVDA250417C00025000,2025-03-26 14:35:59+00:00,25.0,90.38,83.5,85.95,0.0,0.0,260.0,142,2.56250359375,True,REGULAR,USD,call,2025-04-17,109.66999816894531,0.04
NVDA250417C00030000,2025-03-26 14:35:13+00:00,30.0,85.27,78.7,80.05,0.0,0.0,50.0,267,2.9472682568359376,True,REGULAR,USD,call,2025-04-17,109.66999816894531,0.04
NVDA250417C00035000,2025-03-26 19:19:46+00:00,35.0,74.65,73.75,75.05,-4.0999985,-5.2063475,20.0,502,2.615237836914063,True,REGULAR,USD,call,2025-04-17,109.66999816894531,0.04
NVDA250417C00040000,2025-03-26 19:11:58+00:00,40.0,73.46,68.55,71.0,0.0,0.0,31.0,126,1.9218753906250001,True,REGULAR,USD,call,2025-04-17,109.66999816894531,0.04
NVDA250417C00045000,2025-03-21 13:38:59+00:00,45.0,70.85,63.95,65.1,0.0,0.0,20.0,197,2.123051567382812,True,REGULAR,USD,call,2025-04-17,109.66999816894531,0.04
NVDA250417C00050000,2025-03-28 18:36:18+00:00,50.0,60.23,58.85,60.1,-10.109997,-14.373042,9.0,262,1.89453177734375,True,REGULAR,USD,call,2025-04-17,109.66999816894531,0.04
NVDA250417C00055000,2025-03-28 17:20:06+00:00,55.0,55.09,54.1,55.15,-2.7400017,-4.738028,84.0,192,1.72265763671875,True,REGULAR,USD,call,2025-04-17,109.66999816894531,0.04
NVDA250417C00060000,2025-03-28 19:47:44+00:00,60.0,49.7,49.2,50.15,-3.5900002,-6.736724,36.0,1495,0.85937640625,True,REGULAR,USD,call,2025-04-17,109.66999816894531,0.04
NVDA250417C00065000,2025-03-28 14:44:46+00:00,65.0,45.2,44.55,45.2,-3.2000008,-6.6115713,8.0,334,1.1640666796875,True,REGULAR,USD,call,2025-04-17,109.66999816894531,0.04
NVDA250417C00070000,2025-03-28 14:26:08+00:00,70.0,40.07,39.35,40.6,-1.5299988,-3.677882,32.0,1518,1.08984830078125,True,REGULAR,USD,call,2025-04-17,109.66999816894531,0.04
NVDA250417C00075000,2025-03-28 17:29:38+00:00,75.0,34.82,34.35,35.65,-2.0,-5.4318304,135.0,885,0.9589847851562499,True,REGULAR,USD,call,2025-04-17,109.66999816894531,0.04
NVDA250417C00080000,2025-03-28 19:57:14+00:00,80.0,30.2,29.75,30.75,-2.6499977,-8.066964,395.0,9535,0.9233406103515626,True,REGULAR,USD,call,2025-04-17,109.66999816894531,0.04
NVDA250417C00085000,2025-03-28 19:54:12+00:00,85.0,25.05,24.85,25.85,-1.9500008,-7.2222247,448.0,8660,0.8090839404296875,True,REGULAR,USD,call,2025-04-17,109.66999816894531,0.04
NVDA250417C00090000,2025-03-28 19:58:31+00:00,90.0,20.45,20.3,20.6,-3.0999985,-13.163476,663.0,3585,0.6899445068359377,True,REGULAR,USD,call,2025-04-17,109.66999816894531,0.04
NVDA250417C00095000,2025-03-28 19:54:36+00:00,95.0,15.6,15.65,16.15,-1.8099995,-10.396321,305.0,3274,0.6313513427734375,True,REGULAR,USD,call,2025-04-17,109.66999816894531,0.04
NVDA250417C00100000,2025-03-28 19:58:59+00:00,100.0,11.6,11.5,11.6,-1.4499998,-11.11111,2406.0,9897,0.5656781713867188,True,REGULAR,USD,call,2025-04-17,109.66999816894531,0.04
NVDA250417C00105000,2025-03-28 19:59:48+00:00,105.0,7.9,7.8,7.95,-1.2499995,-13.661197,1440.0,6724,0.5336960693359375,True,REGULAR,USD,call,2025-04-17,109.66999816894531,0.04
NVDA250417C00110000,2025-03-28 19:59:32+00:00,110.0,4.89,4.85,4.95,-0.9000001,-15.544044,15458.0,69576,0.5067188000488281,False,REGULAR,USD,call,2025-04-17,109.66999816894531,0.04
NVDA250417C00115000,2025-03-28 19:59:54+00:00,115.0,2.69,2.68,2.71,-0.6099999,-18.484846,16721.0,64222,0.48169463623046876,False,REGULAR,USD,call,2025-04-17,109.66999816894531,0.04
NVDA250417C00120000,2025-03-28 19:59:39+00:00,120.0,1.31,1.31,1.32,-0.4000001,-23.391817,25440.0,59282,0.4621635815429688,False,REGULAR,USD,call,2025-04-17,109.66999816894531,0.04
NVDA250417C00125000,2025-03-28 19:59:31+00:00,125.0,0.6,0.6,0.61,-0.20999998,-25.925922,23040.0,55386,0.4567925415039063,False,REGULAR,USD,call,2025-04-17,109.66999816894531,0.04
NVDA250417C00130000,2025-03-28 19:59:11+00:00,130.0,0.29,0.28,0.29,-0.09,-23.684212,8291.0,199377,0.4643608251953125,False,REGULAR,USD,call,2025-04-17,109.66999816894531,0.04
NVDA250417C00135000,2025-03-28 19:58:22+00:00,135.0,0.16,0.15,0.16,-0.049999997,-23.809523,13374.0,60341,0.48633326171875,False,REGULAR,USD,call,2025-04-17,109.66999816894531,0.04
NVDA250417C00140000,2025-03-28 19:57:06+00:00,140.0,0.09,0.09,0.1,-0.029999994,-24.999996,4611.0,81399,0.5117236328125,False,REGULAR,USD,call,2025-04-17,109.66999816894531,0.04
NVDA250417C00145000,2025-03-28 19:56:00+00:00,145.0,0.06,0.06,0.07,-0.010000002,-14.285716,1539.0,82186,0.5429733203125001,False,REGULAR,USD,call,2025-04-17,109.66999816894531,0.04
NVDA250417C00150000,2025-03-28 19:57:40+00:00,150.0,0.05,0.04,0.05,0.0,0.0,1335.0,55873,0.570316796875,False,REGULAR,USD,call,2025-04-17,109.66999816894531,0.04
NVDA250417C00155000,2025-03-28 19:52:27+00:00,155.0,0.03,0.03,0.04,-0.01,-25.0,300.0,25300,0.6054726953125001,False,REGULAR,USD,call,2025-04-17,109.66999816894531,0.04
NVDA250417C00160000,2025-03-28 19:56:14+00:00,160.0,0.02,0.02,0.03,0.0,0.0,436.0,26342,0.6289099609375001,False,REGULAR,USD,call,2025-04-17,109.66999816894531,0.04
NVDA250417C00165000,2025-03-28 19:46:41+00:00,165.0,0.02,0.02,0.03,0.0,0.0,257.0,10959,0.6718782812500002,False,REGULAR,USD,call,2025-04-17,109.66999816894531,0.04
NVDA250417C00170000,2025-03-28 19:27:29+00:00,170.0,0.01,0.01,0.02,-0.01,-50.0,245.0,34746,0.6796907031250001,False,REGULAR,USD,call,2025-04-17,109.66999816894531,0.04
NVDA250417C00175000,2025-03-28 19:30:43+00:00,175.0,0.02,0.01,0.02,0.0,0.0,138.0,9953,0.7187528125,False,REGULAR,USD,call,2025-04-17,109.66999816894531,0.04
NVDA250417C00180000,2025-03-28 19:50:19+00:00,180.0,0.01,0.01,0.02,-0.01,-50.0,23.0,16124,0.7578149218750001,False,REGULAR,USD,call,2025-04-17,109.66999816894531,0.04
NVDA250417C00185000,2025-03-28 15:27:32+00:00,185.0,0.01,0.0,0.01,0.0,0.0,212.0,6503,0.7187528125,False,REGULAR,USD,call,2025-04-17,109.66999816894531,0.04
NVDA250417C00190000,2025-03-28 17:07:29+00:00,190.0,0.01,0.0,0.01,0.0,0.0,14.0,18765,0.7500025,False,REGULAR,USD,call,2025-04-17,109.66999816894531,0.04
NVDA250417C00195000,2025-03-28 19:54:36+00:00,195.0,0.01,0.0,0.01,0.0,0.0,8.0,6619,0.7812521875,False,REGULAR,USD,call,2025-04-17,109.66999816894531,0.04
NVDA250417C00200000,2025-03-27 19:07:20+00:00,200.0,0.01,0.0,0.01,0.0,0.0,1.0,14352,0.8125018749999999,False,REGULAR,USD,call,2025-04-17,109.66999816894531,0.04
NVDA250417C00210000,2025-03-28 17:48:06+00:00,210.0,0.01,0.0,0.01,0.0,0.0,51.0,5564,0.87500125,False,REGULAR,USD,call,2025-04-17,109.66999816894531,0.04
NVDA250417C00220000,2025-03-28 18:20:07+00:00,220.0,0.01,0.0,0.01,0.0,0.0,22.0,2774,0.937500625,False,REGULAR,USD,call,2025-04-17,109.66999816894531,0.04
NVDA250417C00230000,2025-03-24 18:07:33+00:00,230.0,0.01,0.0,0.01,0.0,0.0,10.0,1408,0.98437515625,False,REGULAR,USD,call,2025-04-17,109.66999816894531,0.04
NVDA250417C00240000,2025-03-26 15:10:59+00:00,240.0,0.01,0.0,0.01,0.0,0.0,200.0,9918,1.0312548437500002,False,REGULAR,USD,call,2025-04-17,109.66999816894531,0.04
NVDA250417C00250000,2025-03-24 14:45:10+00:00,250.0,0.01,0.0,0.01,0.0,0.0,20.0,1212,1.09375453125,False,REGULAR,USD,call,2025-04-17,109.66999816894531,0.04
NVDA250417C00260000,2025-03-24 15:18:49+00:00,260.0,0.01,0.0,0.01,0.0,0.0,3.0,924,1.125004375,False,REGULAR,USD,call,2025-04-17,109.66999816894531,0.04
NVDA250417C00280000,2025-03-24 16:55:02+00:00,280.0,0.01,0.0,0.01,0.0,0.0,2.0,6354,1.21875390625,False,REGULAR,USD,call,2025-04-17,109.66999816894531,0.04
NVDA250417C00290000,2025-03-19 16:41:38+00:00,290.0,0.01,0.0,0.01,0.0,0.0,290.0,9410,1.2500037499999999,False,REGULAR,USD,call,2025-04-17,109.66999816894531,0.04
NVDA250417C00300000,2025-03-24 18:03:37+00:00,300.0,0.01,0.0,0.01,0.0,0.0,6.0,5330,1.3125034374999998,False,REGULAR,USD,call,2025-04-17,109.66999816894531,0.04
NVDA250417P00005000,2025-03-17 14:05:26+00:00,5.0,0.01,0.0,0.01,0.0,0.0,1.0,3,4.2500046875,False,REGULAR,USD,put,2025-04-17,109.66999816894531,0.04
NVDA250417P00010000,2025-03-14 15:33:36+00:00,10.0,0.01,0.0,0.01,0.0,0.0,1.0,101,3.3125017187499997,False,REGULAR,USD,put,2025-04-17,109.66999816894531,0.04
NVDA250417P00015000,2025-03-11 13:44:08+00:00,15.0,0.01,0.0,0.01,0.0,0.0,100.0,1290,2.750003125,False,REGULAR,USD,put,2025-04-17,109.66999816894531,0.04
NVDA250417P00020000,2025-03-14 13:49:39+00:00,20.0,0.01,0.0,0.01,0.0,0.0,9.0,1498,2.3750040624999995,False,REGULAR,USD,put,2025-04-17,109.66999816894531,0.04
NVDA250417P00025000,2025-03-28 18:56:48+00:00,25.0,0.01,0.0,0.01,0.0,0.0,51.0,5034,2.0625048437499998,False,REGULAR,USD,put,2025-04-17,109.66999816894531,0.04
NVDA250417P00030000,2025-03-28 19:47:11+00:00,30.0,0.01,0.0,0.01,0.0,0.0,1179.0,2059,1.8125009374999999,False,REGULAR,USD,put,2025-04-17,109.66999816894531,0.04
NVDA250417P00035000,2025-03-27 18:11:27+00:00,35.0,0.01,0.0,0.02,0.0,0.0,1.0,2803,1.6875015625,False,REGULAR,USD,put,2025-04-17,109.66999816894531,0.04
NVDA250417P00040000,2025-03-28 19:49:48+00:00,40.0,0.01,0.01,0.02,0.0,0.0,582.0,6182,1.5468772656249998,False,REGULAR,USD,put,2025-04-17,109.66999816894531,0.04
NVDA250417P00045000,2025-03-28 18:57:00+00:00,45.0,0.02,0.02,0.03,0.0,0.0,7.0,1813,1.453127734375,False,REGULAR,USD,put,2025-04-17,109.66999816894531,0.04
NVDA250417P00050000,2025-03-28 19:16:21+00:00,50.0,0.03,0.03,0.04,0.0,0.0,33.0,5563,1.3359408203124996,False,REGULAR,USD,put,2025-04-17,109.66999816894531,0.04
NVDA250417P00055000,2025-03-28 19:46:29+00:00,55.0,0.04,0.04,0.05,0.01,33.333336,1759.0,4910,1.21875390625,False,REGULAR,USD,put,2025-04-17,109.66999816894531,0.04
NVDA250417P00060000,2025-03-28 19:59:07+00:00,60.0,0.06,0.05,0.06,0.02,50.0,2246.0,14748,1.1015669921875002,False,REGULAR,USD,put,2025-04-17,109.66999816894531,0.04
NVDA250417P00065000,2025-03-28 19:56:57+00:00,65.0,0.07,0.06,0.08,0.010000002,16.66667,173.0,12127,0.9960937890625,False,REGULAR,USD,put,2025-04-17,109.66999816894531,0.04
NVDA250417P00070000,2025-03-28 19:29:31+00:00,70.0,0.1,0.09,0.1,0.020000003,25.000006,5748.0,9891,0.9062509375,False,REGULAR,USD,put,2025-04-17,109.66999816894531,0.04
NVDA250417P00075000,2025-03-28 19:59:16+00:00,75.0,0.13,0.12,0.13,0.029999994,29.999992,4991.0,10181,0.8125018749999999,False,REGULAR,USD,put,2025-04-17,109.66999816894531,0.04
NVDA250417P00080000,2025-03-28 19:56:12+00:00,80.0,0.17,0.17,0.18,0.030000001,21.428572,1798.0,37790,0.7304714453125,False,REGULAR,USD,put,2025-04-17,109.66999816894531,0.04
NVDA250417P00085000,2025-03-28 19:59:52+00:00,85.0,0.26,0.26,0.27,0.029999986,13.043472,1211.0,24962,0.657229990234375,False,REGULAR,USD,put,2025-04-17,109.66999816894531,0.04
NVDA250417P00090000,2025-03-28 19:59:40+00:00,90.0,0.46,0.44,0.45,0.07000002,17.948725,5852.0,47860,0.5976602734375001,False,REGULAR,USD,put,2025-04-17,109.66999816894531,0.04
NVDA250417P00095000,2025-03-28 19:56:24+00:00,95.0,0.84,0.84,0.86,0.119999945,16.666658,3798.0,45796,0.559574716796875,False,REGULAR,USD,put,2025-04-17,109.66999816894531,0.04
NVDA250417P00100000,2025-03-28 19:59:14+00:00,100.0,1.63,1.61,1.64,0.27999997,20.740738,16765.0,86102,0.5305222729492188,False,REGULAR,USD,put,2025-04-17,109.66999816894531,0.04
NVDA250417P00105000,2025-03-28 19:59:33+00:00,105.0,2.95,2.94,2.97,0.54999995,22.916664,15655.0,59893,0.5063525927734375,False,REGULAR,USD,put,2025-04-17,109.66999816894531,0.04
NVDA250417P00110000,2025-03-28 19:59:55+00:00,110.0,4.9,4.9,5.0,0.71000004,16.945108,13087.0,86244,0.4836477416992188,True,REGULAR,USD,put,2025-04-17,109.66999816894531,0.04
NVDA250417P00115000,2025-03-28 19:59:12+00:00,115.0,7.75,7.75,7.85,1.0500002,15.671645,6524.0,56122,0.46130909790039065,True,REGULAR,USD,put,2025-04-17,109.66999816894531,0.04
NVDA250417P00120000,2025-03-28 19:59:06+00:00,120.0,11.4,11.05,11.75,1.5499992,15.736032,3054.0,60447,0.4758353198242187,True,REGULAR,USD,put,2025-04-17,109.66999816894531,0.04
NVDA250417P00125000,2025-03-28 19:57:15+00:00,125.0,15.64,15.6,15.95,1.5700006,11.158499,2078.0,45000,0.45898978515625005,True,REGULAR,USD,put,2025-04-17,109.66999816894531,0.04
NVDA250417P00130000,2025-03-28 19:51:33+00:00,130.0,20.31,20.2,20.75,1.4300003,7.5741544,2131.0,48830,0.5039112109375,True,REGULAR,USD,put,2025-04-17,109.66999816894531,0.04
NVDA250417P00135000,2025-03-28 19:54:40+00:00,135.0,25.45,25.1,25.65,2.0,8.528785,1491.0,35344,0.5537154003906251,True,REGULAR,USD,put,2025-04-17,109.66999816894531,0.04
NVDA250417P00140000,2025-03-28 19:30:05+00:00,140.0,30.09,30.05,30.65,1.4799995,5.1730146,904.0,4976,0.6279334082031252,True,REGULAR,USD,put,2025-04-17,109.66999816894531,0.04
NVDA250417P00145000,2025-03-28 19:33:51+00:00,145.0,35.6,35.05,35.75,3.0199966,9.26948,2072.0,1877,0.5488326367187502,True,REGULAR,USD,put,2025-04-17,109.66999816894531,0.04
NVDA250417P00150000,2025-03-28 19:59:19+00:00,150.0,40.35,40.05,40.65,1.8499985,4.805191,1163.0,679,0.523442265625,True,REGULAR,USD,put,2025-04-17,109.66999816894531,0.04
NVDA250417P00155000,2025-03-28 19:02:00+00:00,155.0,44.56,45.05,45.65,2.3600006,5.5924187,811.0,1082,0.570316796875,True,REGULAR,USD,put,2025-04-17,109.66999816894531,0.04
NVDA250417P00160000,2025-03-27 19:24:26+00:00,160.0,47.3,50.05,50.95,0.0,0.0,4.0,2,0.8007832421875,True,REGULAR,USD,put,2025-04-17,109.66999816894531,0.04
NVDA250417P00165000,2025-03-28 19:12:51+00:00,165.0,54.98,55.05,55.95,2.2799988,4.326373,7.0,8,0.8535170898437501,True,REGULAR,USD,put,2025-04-17,109.66999816894531,0.04
NVDA250417P00170000,2025-03-28 17:45:54+00:00,170.0,60.41,60.05,61.0,2.709999,4.6967053,1.0,4,0.9238288867187501,True,REGULAR,USD,put,2025-04-17,109.66999816894531,0.04
NVDA250417P00175000,2025-03-03 14:56:25+00:00,175.0,55.5,65.05,66.0,0.0,0.0,5.0,0,0.973633076171875,True,REGULAR,USD,put,2025-04-17,109.66999816894531,0.04
NVDA250417P00180000,2025-03-28 19:28:24+00:00,180.0,69.93,70.05,71.0,2.0800018,3.0655887,10.0,20,1.021489267578125,True,REGULAR,USD,put,2025-04-17,109.66999816894531,0.04
NVDA250417P00185000,2025-03-18 13:39:03+00:00,185.0,68.39,75.05,76.0,0.0,0.0,6.0,0,1.0683640332031252,True,REGULAR,USD,put,2025-04-17,109.66999816894531,0.04
NVDA250417P00190000,2025-03-17 15:10:39+00:00,190.0,70.8,80.05,81.0,0.0,0.0,2.0,0,1.1123091259765625,True,REGULAR,USD,put,2025-04-17,109.66999816894531,0.04
NVDA250417P00195000,2025-02-27 20:19:10+00:00,195.0,72.6,85.05,86.0,0.0,0.0,900.0,0,1.1552776611328124,True,REGULAR,USD,put,2025-04-17,109.66999816894531,0.04
NVDA250417P00200000,2025-03-28 19:13:37+00:00,200.0,89.96,90.05,91.0,1.9599991,2.2272718,14.0,15,1.197269638671875,True,REGULAR,USD,put,2025-04-17,109.66999816894531,0.04
NVDA250417P00210000,2025-03-25 14:00:36+00:00,210.0,90.2,100.05,101.0,0.0,0.0,1.0,0,1.2763708056640621,True,REGULAR,USD,put,2025-04-17,109.66999816894531,0.04
NVDA250417P00220000,2025-01-17 19:35:42+00:00,220.0,81.94,80.15,81.0,0.0,0.0,1.0,0,1.0000000000000003e-05,True,REGULAR,USD,put,2025-04-17,109.66999816894531,0.04
NVDA250417P00230000,2025-01-17 20:01:00+00:00,230.0,92.4,90.15,91.0,0.0,0.0,1.0,0,1.0000000000000003e-05,True,REGULAR,USD,put,2025-04-17,109.66999816894531,0.04
NVDA250417P00240000,2024-12-27 17:17:52+00:00,240.0,104.7,115.35,116.4,0.0,0.0,2.0,0,1.0000000000000003e-05,True,REGULAR,USD,put,2025-04-17,109.66999816894531,0.04
NVDA250417P00280000,2024-12-27 16:29:30+00:00,280.0,143.35,155.35,156.3,0.0,0.0,1.0,0,1.0000000000000003e-05,True,REGULAR,USD,put,2025-04-17,109.66999816894531,0.04
NVDA250417P00290000,2025-01-23 20:54:30+00:00,290.0,143.13,155.05,156.15,0.0,0.0,2.0,0,1.0000000000000003e-05,True,REGULAR,USD,put,2025-04-17,109.66999816894531,0.04
NVDA250417P00300000,2025-03-28 17:45:54+00:00,300.0,190.39,190.05,191.0,17.490005,10.115677,2.0,0,1.8300789746093749,True,REGULAR,USD,put,2025-04-17,109.66999816894531,0.04
NVDA250425C00050000,2025-03-28 19:26:25+00:00,50.0,60.35,59.25,60.55,-1.6000023,-2.5827317,11.0,57,1.431643466796875,True,REGULAR,USD,call,2025-04-25,109.66999816894531,0.04
NVDA250425C00055000,2025-03-28 19:49:49+00:00,55.0,54.85,54.25,55.2,-12.150002,-18.13433,1.0,1,1.0468797656250002,True,REGULAR,USD,call,2025-04-25,109.66999816894531,0.04
NVDA250425C00060000,2025-03-26 17:20:20+00:00,60.0,54.0,49.3,50.25,0.0,0.0,1.0,31,1.0039112304687499,True,REGULAR,USD,call,2025-04-25,109.66999816894531,0.04
NVDA250425C00065000,2025-03-27 14:08:48+00:00,65.0,47.6,44.35,45.65,0.0,0.0,10.0,68,1.05859845703125,True,REGULAR,USD,call,2025-04-25,109.66999816894531,0.04
NVDA250425C00070000,2025-03-28 18:20:54+00:00,70.0,40.64,39.4,40.7,-2.1100006,-4.935674,6.0,10,0.9521489160156249,True,REGULAR,USD,call,2025-04-25,109.66999816894531,0.04
NVDA250425C00075000,2025-03-28 15:13:58+00:00,75.0,35.5,34.85,35.4,-1.4199982,-3.8461492,4.0,25,0.8564467480468749,True,REGULAR,USD,call,2025-04-25,109.66999816894531,0.04
NVDA250425C00080000,2025-03-28 17:36:27+00:00,80.0,30.98,30.0,30.5,-1.0200005,-3.1875014,120.0,4295,0.7744163183593751,True,REGULAR,USD,call,2025-04-25,109.66999816894531,0.04
NVDA250425C00085000,2025-03-28 17:29:19+00:00,85.0,25.35,25.1,25.75,-2.6099987,-9.33476,74.0,7909,0.6967803759765626,True,REGULAR,USD,call,2025-04-25,109.66999816894531,0.04
NVDA250425C00090000,2025-03-28 17:41:37+00:00,90.0,21.05,20.55,21.25,-1.9900017,-8.63716,54.0,207,0.6621127539062501,True,REGULAR,USD,call,2025-04-25,109.66999816894531,0.04
NVDA250425C00095000,2025-03-28 19:41:07+00:00,95.0,16.1,16.1,16.5,-1.6000004,-9.03955,415.0,636,0.5861857788085938,True,REGULAR,USD,call,2025-04-25,109.66999816894531,0.04
NVDA250425C00100000,2025-03-28 19:43:59+00:00,100.0,12.13,12.05,12.25,-1.4200001,-10.479705,300.0,410,0.5407760766601564,True,REGULAR,USD,call,2025-04-25,109.66999816894531,0.04
NVDA250425C00102000,2025-03-28 17:08:18+00:00,102.0,10.5,10.55,10.75,-1.5200005,-12.645594,32.0,50,0.5282029602050782,True,REGULAR,USD,call,2025-04-25,109.66999816894531,0.04
NVDA250425C00103000,2025-03-28 17:47:37+00:00,103.0,10.4,9.9,10.1,-1.5200005,-12.751682,67.0,220,0.5286912365722658,True,REGULAR,USD,call,2025-04-25,109.66999816894531,0.04
NVDA250425C00104000,2025-03-28 19:35:39+00:00,104.0,9.35,9.2,9.3,-1.8999996,-16.888885,157.0,125,0.51758294921875,True,REGULAR,USD,call,2025-04-25,109.66999816894531,0.04
NVDA250425C00105000,2025-03-28 19:44:02+00:00,105.0,8.65,8.55,8.75,-1.1500006,-11.734699,271.0,289,0.5181932946777343,True,REGULAR,USD,call,2025-04-25,109.66999816894531,0.04
NVDA250425C00106000,2025-03-28 19:35:29+00:00,106.0,8.05,7.9,8.0,-1.0299997,-11.34361,185.0,302,0.5076953527832031,True,REGULAR,USD,call,2025-04-25,109.66999816894531,0.04
NVDA250425C00107000,2025-03-28 19:57:01+00:00,107.0,7.45,7.3,7.5,-1.0500002,-12.352943,1241.0,328,0.5083056982421875,True,REGULAR,USD,call,2025-04-25,109.66999816894531,0.04
NVDA250425C00108000,2025-03-28 19:49:31+00:00,108.0,6.79,6.7,6.8,-1.4099998,-17.19512,168.0,438,0.5023243127441408,True,REGULAR,USD,call,2025-04-25,109.66999816894531,0.04
NVDA250425C00109000,2025-03-28 19:56:57+00:00,109.0,6.21,6.15,6.25,-1.1399999,-15.510203,914.0,1548,0.49841810180664065,True,REGULAR,USD,call,2025-04-25,109.66999816894531,0.04
NVDA250425C00110000,2025-03-28 19:59:32+00:00,110.0,5.68,5.65,5.7,-0.8300004,-12.749621,2881.0,2086,0.49231464721679696,False,REGULAR,USD,call,2025-04-25,109.66999816894531,0.04
NVDA250425C00111000,2025-03-28 19:47:00+00:00,111.0,5.2,5.1,5.25,-0.8000002,-13.333337,562.0,856,0.4924367163085938,False,REGULAR,USD,call,2025-04-25,109.66999816894531,0.04
NVDA250425C00112000,2025-03-28 19:59:43+00:00,112.0,4.7,4.65,4.85,-0.75,-13.761468,1165.0,1113,0.49451189086914066,False,REGULAR,USD,call,2025-04-25,109.66999816894531,0.04
NVDA250425C00113000,2025-03-28 19:58:19+00:00,113.0,4.24,4.2,4.3,-0.7600002,-15.200004,453.0,1648,0.48169463623046876,False,REGULAR,USD,call,2025-04-25,109.66999816894531,0.04
NVDA250425C00114000,2025-03-28 19:53:40+00:00,114.0,3.83,3.8,3.95,-0.72000027,-15.824181,490.0,1508,0.48352567260742196,False,REGULAR,USD,call,2025-04-25,109.66999816894531,0.04
NVDA250425C00115000,2025-03-28 19:59:59+00:00,115.0,3.45,3.4,3.45,-0.6099999,-15.024628,2407.0,3805,0.4699760034179688,False,REGULAR,USD,call,2025-04-25,109.66999816894531,0.04
NVDA250425C00116000,2025-03-28 19:45:25+00:00,116.0,3.1,3.05,3.2,-0.60000014,-16.21622,1379.0,1759,0.47632359619140624,False,REGULAR,USD,call,2025-04-25,109.66999816894531,0.04
NVDA250425C00117000,2025-03-28 19:56:25+00:00,117.0,2.75,2.7,2.87,-0.54999995,-16.666666,381.0,1464,0.4733939379882813,False,REGULAR,USD,call,2025-04-25,109.66999816894531,0.04
NVDA250425C00118000,2025-03-28 19:59:38+00:00,118.0,2.45,2.41,2.45,-0.54999995,-18.333332,720.0,1730,0.45935599243164066,False,REGULAR,USD,call,2025-04-25,109.66999816894531,0.04
NVDA250425C00119000,2025-03-28 19:58:36+00:00,119.0,2.16,2.14,2.17,-0.53,-19.702602,717.0,1191,0.45606012695312503,False,REGULAR,USD,call,2025-04-25,109.66999816894531,0.04
NVDA250425C00120000,2025-03-28 19:58:59+00:00,120.0,1.91,1.9,1.94,-0.40999997,-17.672413,5889.0,6711,0.4555718505859375,False,REGULAR,USD,call,2025-04-25,109.66999816894531,0.04
NVDA250425C00121000,2025-03-28 19:58:00+00:00,121.0,1.7,1.66,1.69,-0.3399999,-16.666662,770.0,1177,0.4506890869140625,False,REGULAR,USD,call,2025-04-25,109.66999816894531,0.04
NVDA250425C00122000,2025-03-28 19:59:25+00:00,122.0,1.49,1.46,1.49,-0.36,-19.459461,643.0,1709,0.4489801196289062,False,REGULAR,USD,call,2025-04-25,109.66999816894531,0.04
NVDA250425C00123000,2025-03-28 19:46:33+00:00,123.0,1.3,1.28,1.31,-0.30000007,-18.750004,1619.0,1315,0.44727115234375,False,REGULAR,USD,call,2025-04-25,109.66999816894531,0.04
NVDA250425C00124000,2025-03-28 19:54:40+00:00,124.0,1.13,1.12,1.14,-0.29999995,-20.97902,723.0,703,0.44482977050781247,False,REGULAR,USD,call,2025-04-25,109.66999816894531,0.04
NVDA250425C00125000,2025-03-28 19:59:44+00:00,125.0,1.0,0.98,1.01,-0.24000001,-19.35484,2270.0,4842,0.445318046875,False,REGULAR,USD,call,2025-04-25,109.66999816894531,0.04
NVDA250425C00126000,2025-03-28 19:58:25+00:00,126.0,0.88,0.86,0.88,-0.22000003,-20.000002,366.0,817,0.44385321777343745,False,REGULAR,USD,call,2025-04-25,109.66999816894531,0.04
NVDA250425C00127000,2025-03-28 19:53:21+00:00,127.0,0.75,0.75,0.78,-0.23000002,-23.46939,276.0,826,0.44482977050781247,False,REGULAR,USD,call,2025-04-25,109.66999816894531,0.04
NVDA250425C00128000,2025-03-28 19:46:20+00:00,128.0,0.66,0.66,0.68,-0.19999999,-23.255812,504.0,4645,0.44434149414062496,False,REGULAR,USD,call,2025-04-25,109.66999816894531,0.04
NVDA250425C00129000,2025-03-28 19:55:39+00:00,129.0,0.59,0.58,0.6,-0.22000003,-27.160498,426.0,859,0.445318046875,False,REGULAR,USD,call,2025-04-25,109.66999816894531,0.04
NVDA250425C00130000,2025-03-28 19:58:01+00:00,130.0,0.52,0.51,0.53,-0.13,-20.0,2941.0,6076,0.446294599609375,False,REGULAR,USD,call,2025-04-25,109.66999816894531,0.04
NVDA250425C00131000,2025-03-28 19:52:43+00:00,131.0,0.45,0.45,0.47,-0.13999999,-23.728811,647.0,5120,0.44824770507812495,False,REGULAR,USD,call,2025-04-25,109.66999816894531,0.04
NVDA250425C00135000,2025-03-28 19:59:12+00:00,135.0,0.28,0.28,0.29,-0.06999999,-19.999998,3058.0,15180,0.45508357421875,False,REGULAR,USD,call,2025-04-25,109.66999816894531,0.04
NVDA250425C00140000,2025-03-28 19:57:41+00:00,140.0,0.18,0.17,0.18,-0.019999996,-9.999998,1685.0,7442,0.47461462890625,False,REGULAR,USD,call,2025-04-25,109.66999816894531,0.04
NVDA250425C00145000,2025-03-28 19:55:55+00:00,145.0,0.11,0.11,0.12,-0.030000001,-21.428572,235.0,2951,0.49609878906250005,False,REGULAR,USD,call,2025-04-25,109.66999816894531,0.04
NVDA250425C00150000,2025-03-28 19:47:42+00:00,150.0,0.08,0.08,0.09,-0.020000003,-20.000004,264.0,3443,0.5195360546875,False,REGULAR,USD,call,2025-04-25,109.66999816894531,0.04
NVDA250425C00155000,2025-03-28 19:39:48+00:00,155.0,0.07,0.06,0.07,-0.009999998,-12.499998,37.0,3550,0.5468795312500001,False,REGULAR,USD,call,2025-04-25,109.66999816894531,0.04
NVDA250425C00160000,2025-03-28 19:59:38+00:00,160.0,0.06,0.05,0.06,0.0,0.0,183.0,1036,0.57617611328125,False,REGULAR,USD,call,2025-04-25,109.66999816894531,0.04
NVDA250425C00165000,2025-03-28 18:24:45+00:00,165.0,0.03,0.03,0.05,-0.020000001,-40.000004,210.0,538,0.5937540625000001,False,REGULAR,USD,call,2025-04-25,109.66999816894531,0.04
NVDA250425C00170000,2025-03-28 16:10:13+00:00,170.0,0.03,0.03,0.04,-0.020000001,-40.000004,47.0,489,0.6210975390625001,False,REGULAR,USD,call,2025-04-25,109.66999816894531,0.04
NVDA250425C00175000,2025-03-28 18:29:05+00:00,175.0,0.03,0.02,0.04,0.01,50.0,21.0,280,0.648441015625,False,REGULAR,USD,call,2025-04-25,109.66999816894531,0.04
NVDA250425C00180000,2025-03-27 16:26:09+00:00,180.0,0.03,0.02,0.04,0.0,0.0,10.0,1278,0.6796907031250001,False,REGULAR,USD,call,2025-04-25,109.66999816894531,0.04
NVDA250425C00185000,2025-03-27 13:42:58+00:00,185.0,0.02,0.01,0.03,0.0,0.0,20.0,40,0.6875031250000001,False,REGULAR,USD,call,2025-04-25,109.66999816894531,0.04
NVDA250425C00190000,2025-03-24 18:00:33+00:00,190.0,0.03,0.01,0.03,0.0,0.0,10.0,521,0.7187528125,False,REGULAR,USD,call,2025-04-25,109.66999816894531,0.04
NVDA250425C00195000,2025-03-28 19:08:35+00:00,195.0,0.02,0.01,0.03,0.0,0.0,16.0,606,0.7460962890625,False,REGULAR,USD,call,2025-04-25,109.66999816894531,0.04
NVDA250425C00200000,2025-03-28 15:54:42+00:00,200.0,0.01,0.01,0.03,-0.01,-50.0,1.0,163,0.773439765625,False,REGULAR,USD,call,2025-04-25,109.66999816894531,0.04
NVDA250425C00205000,2025-03-24 16:02:25+00:00,205.0,0.03,0.01,0.02,0.0,0.0,40.0,40,0.7812521875,False,REGULAR,USD,call,2025-04-25,109.66999816894531,0.04
NVDA250425C00210000,2025-03-13 14:36:20+00:00,210.0,0.1,0.0,0.02,0.0,0.0,,1,0.7812521875,False,REGULAR,USD,call,2025-04-25,109.66999816894531,0.04
NVDA250425C00220000,2025-03-14 18:56:22+00:00,220.0,0.04,0.0,0.02,0.0,0.0,,1,0.8281267187499999,False,REGULAR,USD,call,2025-04-25,109.66999816894531,0.04
NVDA250425C00225000,2025-03-27 19:32:42+00:00,225.0,0.01,0.0,0.02,0.0,0.0,50.0,205,0.85937640625,False,REGULAR,USD,call,2025-04-25,109.66999816894531,0.04
NVDA250425C00230000,2025-03-26 19:25:22+00:00,230.0,0.02,0.0,0.02,0.0,0.0,17.0,299,0.87500125,False,REGULAR,USD,call,2025-04-25,109.66999816894531,0.04
NVDA250425P00050000,2025-03-28 19:55:16+00:00,50.0,0.05,0.04,0.05,0.010000002,25.000006,281.0,185,1.15234798828125,False,REGULAR,USD,put,2025-04-25,109.66999816894531,0.04
NVDA250425P00055000,2025-03-28 14:54:28+00:00,55.0,0.05,0.05,0.06,0.0,0.0,9.0,434,1.0468797656250002,False,REGULAR,USD,put,2025-04-25,109.66999816894531,0.04
NVDA250425P00060000,2025-03-28 15:03:34+00:00,60.0,0.07,0.07,0.08,0.0,0.0,1526.0,4512,0.9609378906249999,False,REGULAR,USD,put,2025-04-25,109.66999816894531,0.04
NVDA250425P00065000,2025-03-28 18:54:42+00:00,65.0,0.1,0.09,0.11,0.020000003,25.000006,65.0,2260,0.87695435546875,False,REGULAR,USD,put,2025-04-25,109.66999816894531,0.04
NVDA250425P00070000,2025-03-28 19:22:59+00:00,70.0,0.14,0.13,0.14,0.04,39.999996,1938.0,301,0.79883013671875,False,REGULAR,USD,put,2025-04-25,109.66999816894531,0.04
NVDA250425P00075000,2025-03-28 19:33:47+00:00,75.0,0.19,0.18,0.19,0.049999997,35.714283,904.0,442,0.726565234375,False,REGULAR,USD,put,2025-04-25,109.66999816894531,0.04
NVDA250425P00080000,2025-03-28 19:53:51+00:00,80.0,0.29,0.26,0.28,0.08,38.095238,1676.0,6968,0.6621127539062501,False,REGULAR,USD,put,2025-04-25,109.66999816894531,0.04
NVDA250425P00085000,2025-03-28 19:58:44+00:00,85.0,0.42,0.41,0.43,0.109999985,35.483868,529.0,9246,0.6064492480468751,False,REGULAR,USD,put,2025-04-25,109.66999816894531,0.04
NVDA250425P00090000,2025-03-28 19:57:31+00:00,90.0,0.7,0.68,0.72,0.13,22.807016,2736.0,15022,0.5620160986328125,False,REGULAR,USD,put,2025-04-25,109.66999816894531,0.04
NVDA250425P00095000,2025-03-28 19:58:16+00:00,95.0,1.22,1.21,1.24,0.21000004,20.792084,2171.0,2674,0.5288133056640626,False,REGULAR,USD,put,2025-04-25,109.66999816894531,0.04
NVDA250425P00100000,2025-03-28 19:59:29+00:00,100.0,2.15,2.12,2.16,0.42000008,24.27746,3836.0,7143,0.5036670727539063,False,REGULAR,USD,put,2025-04-25,109.66999816894531,0.04
NVDA250425P00102000,2025-03-28 19:59:27+00:00,102.0,2.65,2.63,2.67,0.5400002,25.592428,174.0,772,0.4973194799804688,False,REGULAR,USD,put,2025-04-25,109.66999816894531,0.04
NVDA250425P00103000,2025-03-28 19:44:15+00:00,103.0,2.96,2.91,2.96,0.51,20.816326,338.0,612,0.4931691308593751,False,REGULAR,USD,put,2025-04-25,109.66999816894531,0.04
NVDA250425P00104000,2025-03-28 19:41:47+00:00,104.0,3.32,3.2,3.3,0.64999986,24.344563,308.0,532,0.4914601635742188,False,REGULAR,USD,put,2025-04-25,109.66999816894531,0.04
NVDA250425P00105000,2025-03-28 19:59:26+00:00,105.0,3.58,3.55,3.6,0.5999999,20.134226,1826.0,2949,0.48389187988281257,False,REGULAR,USD,put,2025-04-25,109.66999816894531,0.04
NVDA250425P00106000,2025-03-28 19:58:36+00:00,106.0,3.9,3.85,4.0,0.6400001,19.631907,247.0,1034,0.48291532714843755,False,REGULAR,USD,put,2025-04-25,109.66999816894531,0.04
NVDA250425P00107000,2025-03-28 19:50:49+00:00,107.0,4.33,4.25,4.4,0.78,21.97183,550.0,642,0.4797415307617187,False,REGULAR,USD,put,2025-04-25,109.66999816894531,0.04
NVDA250425P00108000,2025-03-28 19:59:30+00:00,108.0,4.75,4.7,4.8,0.9000001,23.376625,1656.0,1109,0.47412635253906255,False,REGULAR,USD,put,2025-04-25,109.66999816894531,0.04
NVDA250425P00109000,2025-03-28 19:59:08+00:00,109.0,5.2,5.1,5.25,0.7999997,18.18181,571.0,473,0.47058634887695316,False,REGULAR,USD,put,2025-04-25,109.66999816894531,0.04
NVDA250425P00110000,2025-03-28 19:59:15+00:00,110.0,5.65,5.6,5.7,0.8800001,18.44864,2477.0,20171,0.4646049633789063,True,REGULAR,USD,put,2025-04-25,109.66999816894531,0.04
NVDA250425P00111000,2025-03-28 19:59:41+00:00,111.0,6.16,6.05,6.2,1.02,19.844358,348.0,735,0.46057668334960944,True,REGULAR,USD,put,2025-04-25,109.66999816894531,0.04
NVDA250425P00112000,2025-03-28 19:59:40+00:00,112.0,6.69,6.6,6.7,1.04,18.407078,378.0,1445,0.454107021484375,True,REGULAR,USD,put,2025-04-25,109.66999816894531,0.04
NVDA250425P00113000,2025-03-28 19:39:39+00:00,113.0,7.25,7.15,7.3,1.1700001,19.243422,139.0,1084,0.45361874511718747,True,REGULAR,USD,put,2025-04-25,109.66999816894531,0.04
NVDA250425P00114000,2025-03-28 19:31:25+00:00,114.0,7.85,7.75,7.95,1.0299997,15.102635,181.0,2012,0.45508357421875,True,REGULAR,USD,put,2025-04-25,109.66999816894531,0.04
NVDA250425P00115000,2025-03-28 19:59:14+00:00,115.0,8.36,8.35,8.5,1.0599995,14.520541,662.0,2520,0.445318046875,True,REGULAR,USD,put,2025-04-25,109.66999816894531,0.04
NVDA250425P00116000,2025-03-28 19:06:28+00:00,116.0,8.45,8.65,9.5,0.5499997,6.9620214,161.0,1059,0.47363807617187503,True,REGULAR,USD,put,2025-04-25,109.66999816894531,0.04
NVDA250425P00117000,2025-03-28 19:56:14+00:00,117.0,9.7,9.35,10.2,1.8499999,23.566877,691.0,1431,0.4733939379882813,True,REGULAR,USD,put,2025-04-25,109.66999816894531,0.04
NVDA250425P00118000,2025-03-28 19:53:09+00:00,118.0,10.54,10.25,10.65,1.4899998,16.464087,184.0,934,0.4467828759765625,True,REGULAR,USD,put,2025-04-25,109.66999816894531,0.04
NVDA250425P00119000,2025-03-28 19:51:28+00:00,119.0,11.32,10.95,11.25,1.6599998,17.184263,33.0,752,0.43079182495117196,True,REGULAR,USD,put,2025-04-25,109.66999816894531,0.04
NVDA250425P00120000,2025-03-28 19:58:16+00:00,120.0,11.82,11.55,12.0,1.3199997,12.571425,163.0,2790,0.4270076831054688,True,REGULAR,USD,put,2025-04-25,109.66999816894531,0.04
NVDA250425P00121000,2025-03-28 19:58:00+00:00,121.0,12.47,12.3,12.95,2.37,23.465343,38.0,858,0.44312080322265623,True,REGULAR,USD,put,2025-04-25,109.66999816894531,0.04
NVDA250425P00122000,2025-03-28 19:50:00+00:00,122.0,13.48,13.1,13.85,2.33,20.89686,86.0,1080,0.45264219238281256,True,REGULAR,USD,put,2025-04-25,109.66999816894531,0.04
NVDA250425P00123000,2025-03-28 19:48:19+00:00,123.0,14.36,13.95,14.6,2.6599998,22.73504,148.0,842,0.442388388671875,True,REGULAR,USD,put,2025-04-25,109.66999816894531,0.04
NVDA250425P00124000,2025-03-28 19:57:31+00:00,124.0,15.02,15.0,15.45,2.67,21.619432,27.0,227,0.44214425048828127,True,REGULAR,USD,put,2025-04-25,109.66999816894531,0.04
NVDA250425P00125000,2025-03-28 19:40:57+00:00,125.0,16.12,15.7,16.25,1.6300011,11.2491455,279.0,1240,0.43237872314453124,True,REGULAR,USD,put,2025-04-25,109.66999816894531,0.04
NVDA250425P00126000,2025-03-28 19:17:35+00:00,126.0,16.7,16.5,17.2,3.3000011,24.626875,15.0,2230,0.442388388671875,True,REGULAR,USD,put,2025-04-25,109.66999816894531,0.04
NVDA250425P00127000,2025-03-28 18:42:55+00:00,127.0,17.55,17.2,18.1,1.8499994,11.783436,12.0,379,0.44336494140625,True,REGULAR,USD,put,2025-04-25,109.66999816894531,0.04
NVDA250425P00128000,2025-03-28 19:45:05+00:00,128.0,18.82,18.1,19.05,1.8199997,10.705881,17.0,351,0.45117736328125,True,REGULAR,USD,put,2025-04-25,109.66999816894531,0.04
NVDA250425P00129000,2025-03-28 15:49:42+00:00,129.0,19.6,19.05,19.95,2.2000008,12.6436825,18.0,141,0.44922425781249997,True,REGULAR,USD,put,2025-04-25,109.66999816894531,0.04
NVDA250425P00130000,2025-03-28 19:59:30+00:00,130.0,20.55,20.35,20.8,1.7999992,9.599996,95.0,687,0.4338435522460938,True,REGULAR,USD,put,2025-04-25,109.66999816894531,0.04
NVDA250425P00131000,2025-03-28 19:22:28+00:00,131.0,21.2,20.95,21.85,2.5300007,13.551155,22.0,364,0.45898978515625005,True,REGULAR,USD,put,2025-04-25,109.66999816894531,0.04
NVDA250425P00135000,2025-03-28 19:41:04+00:00,135.0,25.52,25.15,25.7,1.7800007,7.497897,119.0,570,0.47852083984375,True,REGULAR,USD,put,2025-04-25,109.66999816894531,0.04
NVDA250425P00140000,2025-03-28 19:17:02+00:00,140.0,30.0,30.05,32.15,2.6900005,9.849874,68.0,171,0.6372106591796876,True,REGULAR,USD,put,2025-04-25,109.66999816894531,0.04
NVDA250425P00145000,2025-03-28 18:02:11+00:00,145.0,35.05,35.05,37.15,2.7000008,8.346216,31.0,10,0.70312796875,True,REGULAR,USD,put,2025-04-25,109.66999816894531,0.04
NVDA250425P00150000,2025-03-26 19:41:35+00:00,150.0,36.51,40.05,42.15,0.0,0.0,57.0,0,0.7651390673828126,True,REGULAR,USD,put,2025-04-25,109.66999816894531,0.04
NVDA250425P00155000,2025-03-24 14:24:43+00:00,155.0,34.33,45.05,47.15,0.0,0.0,6.0,0,0.8242205078124999,True,REGULAR,USD,put,2025-04-25,109.66999816894531,0.04
NVDA250425P00160000,2025-03-19 19:00:49+00:00,160.0,40.2,50.05,52.15,0.0,0.0,4.0,0,0.8798840136718749,True,REGULAR,USD,put,2025-04-25,109.66999816894531,0.04
NVDA250425P00165000,2025-03-12 14:25:11+00:00,165.0,50.52,55.05,57.15,0.0,0.0,,1,0.9331061376953125,True,REGULAR,USD,put,2025-04-25,109.66999816894531,0.04
NVDA250425P00170000,2025-03-20 16:20:53+00:00,170.0,50.85,60.05,62.15,0.0,0.0,,0,0.9838868798828125,True,REGULAR,USD,put,2025-04-25,109.66999816894531,0.04
